Unity Editor version:    6000.4.5f1 (cc83ebd631f8)
Branch:                  6000.4/staging
Build type:              Release
Batch mode:              YES
macOS version:           Version 26.4.1 (Build 25E253)
Darwin version:          25.4.0
Architecture:            x86_64
Running under Rosetta:   YES
Available memory:        8192 MB
Date:                    2026-06-29T08:26:32Z
[Licensing::Module] Trying to connect to existing licensing client channel...
[Licensing::IpcConnector] Successfully connected to: "LicenseClient-raven" at "2026-06-29T08:26:32.500024Z"
[Licensing::Client] Error: HandshakeResponse reported an error:
	ResponseCode: 505
	ResponseStatus: Unsupported protocol version '1.18.1'.
[Licensing::Module] Error: Failed to handshake to channel: "LicenseClient-raven"
[Licensing::IpcConnector] LicenseClient-raven channel disconnected successfully.
[Licensing::IpcConnector] Successfully connected to: "LicenseClient-raven-6000.4.5" at "2026-06-29T08:26:33.425205Z"

COMMAND LINE ARGUMENTS:
/Applications/Unity/Hub/Editor/6000.4.5f1/Unity.app/Contents/MacOS/Unity
-adb2
-batchMode
-noUpm
-name
AssetImportWorker0
-projectPath
/Users/raven/Documents/UNITY_PROJECTS/WPoker
-logFile
Logs/AssetImportWorker0.log
-srvPort
61019
-licensingIpc
LicenseClient-raven
-force-metal
-job-worker-count
3
-background-job-worker-count
8
-gc-helper-count
1
-name AssetImport
Successfully changed project path to: /Users/raven/Documents/UNITY_PROJECTS/WPoker
/Users/raven/Documents/UNITY_PROJECTS/WPoker
[UnityMemory] Configuration Parameters - Can be set up in boot.config
    "memorysetup-temp-allocator-size-gi-baking-worker=262144"
    "memorysetup-temp-allocator-size-gi-baking-worker=262144"
    "memorysetup-temp-allocator-size-gi-baking-worker=262144"
    "memorysetup-temp-allocator-size-gi-baking-worker=262144"
    "memorysetup-temp-allocator-size-gi-baking-worker=262144"
    "memorysetup-temp-allocator-size-nav-mesh-worker=65536"
    "memorysetup-temp-allocator-size-audio-worker=65536"
    "memorysetup-temp-allocator-size-cloud-worker=32768"
    "memorysetup-allocator-temp-initial-block-size-main=262144"
    "memorysetup-allocator-temp-initial-block-size-worker=262144"
    "memorysetup-temp-allocator-size-background-worker=32768"
    "memorysetup-temp-allocator-size-job-worker=262144"
    "memorysetup-temp-allocator-size-preload-manager=33554432"
    "memorysetup-temp-allocator-size-gfx=262144"
    "memorysetup-bucket-allocator-granularity=16"
    "memorysetup-bucket-allocator-bucket-count=8"
    "memorysetup-bucket-allocator-block-size=33554432"
    "memorysetup-bucket-allocator-block-count=8"
    "memorysetup-main-allocator-block-size=16777216"
    "memorysetup-thread-allocator-block-size=16777216"
    "memorysetup-gfx-main-allocator-block-size=16777216"
    "memorysetup-gfx-thread-allocator-block-size=16777216"
    "memorysetup-cache-allocator-block-size=4194304"
    "memorysetup-typetree-allocator-block-size=2097152"
    "memorysetup-profiler-bucket-allocator-granularity=16"
    "memorysetup-profiler-bucket-allocator-bucket-count=8"
    "memorysetup-profiler-bucket-allocator-block-size=33554432"
    "memorysetup-profiler-bucket-allocator-block-count=8"
    "memorysetup-profiler-allocator-block-size=16777216"
    "memorysetup-profiler-editor-allocator-block-size=1048576"
    "memorysetup-temp-allocator-size-main=16777216"
    "memorysetup-job-temp-allocator-block-size=2097152"
    "memorysetup-job-temp-allocator-block-size-background=1048576"
    "memorysetup-job-temp-allocator-reduction-small-platforms=262144"
Player connection [8802594368]  Target information:

Player connection [8802594368]  * "[IP] 192.168.0.197 [Port] 0 [Flags] 2 [Guid] 814535841 [EditorId] 814535841 [Version] 1048832 [Id] OSXEditor(0,Ravens-MacBook-Air.local) [Debug] 1 [PackageName] OSXEditor [ProjectName] Editor" 

Player connection [8802594368] Host joined multi-casting on [225.0.0.222:54997]...
Player connection [8802594368] Host joined alternative multi-casting on [225.0.0.222:34997]...
JobSystem: Creating JobQueue using job-worker-count value 3
Input System module state changed to: Initialized.
[Physics::Module] Initialized fallback backend.
[Physics::Module] Id: 0xdecafbad
Library Redirect Path: Library/
[Physics::Module] Selected backend.
[Physics::Module] Name: PhysX
[Physics::Module] Id: 0xf2b8ea05
[Physics::Module] SDK Version: 4.1.2
[Physics::Module] Integration Version: 1.0.0
[Physics::Module] Threading Mode: Multi-Threaded
Active build profile path: `Assets/Settings/Build Profiles/Web.asset`
Got setting from build profile YAML, name `Color Space`, value `1`
Got setting from build profile YAML, name `m_BuildTarget`, value `20`
Got setting from build profile YAML, name `m_Subtarget`, value `0`
Refreshing native plugins compatible for Editor in 31.04 ms, found 3 plugins.
Initialize engine version: 6000.4.5f1 (cc83ebd631f8)
[Subsystems] Discovering subsystems at path /Applications/Unity/Hub/Editor/6000.4.5f1/Unity.app/Contents/Resources/UnitySubsystems
[Subsystems] Discovering subsystems at path /Users/raven/Documents/UNITY_PROJECTS/WPoker/Assets
Forcing GfxDevice: Metal
GfxDevice: creating device client; kGfxThreadingModeNonThreaded
 preferred device: Apple M1 (high power)
Metal devices available: 1
0: Apple M1 (high power)
Using device Apple M1 (high power)
Initializing Metal device caps: Apple M1
Got setting from build profile YAML, name `Color Space`, value `1`
Got setting from build profile YAML, name `Color Space`, value `1`
Mac GPU Family: 2
Apple GPU Family: 7
MSL Version: 3.0
Has Float MSAA: 1
Has Float Filtering: 1
ReadWrite Texture Tier: 2
Got setting from build profile YAML, name `Color Space`, value `1`
Got setting from build profile YAML, name `Color Space`, value `1`
Got setting from build profile YAML, name `Color Space`, value `1`
Got setting from build profile YAML, name `Color Space`, value `1`
Got setting from build profile YAML, name `Color Space`, value `1`
Got setting from build profile YAML, name `Color Space`, value `1`
Got setting from build profile YAML, name `Color Space`, value `1`
Got setting from build profile YAML, name `Color Space`, value `1`
Got setting from build profile YAML, name `Color Space`, value `1`
Got setting from build profile YAML, name `Color Space`, value `1`
Got setting from build profile YAML, name `Color Space`, value `1`
Got setting from build profile YAML, name `Color Space`, value `1`
Got setting from build profile YAML, name `Color Space`, value `1`
Got setting from build profile YAML, name `Color Space`, value `1`
Got setting from build profile YAML, name `Color Space`, value `1`
Got setting from build profile YAML, name `Color Space`, value `1`
Got setting from build profile YAML, name `Color Space`, value `1`
Got setting from build profile YAML, name `Color Space`, value `1`
Got setting from build profile YAML, name `Color Space`, value `1`
Got setting from build profile YAML, name `Color Space`, value `1`
Got setting from build profile YAML, name `Color Space`, value `1`
Got setting from build profile YAML, name `Color Space`, value `1`
Got setting from build profile YAML, name `Color Space`, value `1`
Got setting from build profile YAML, name `Color Space`, value `1`
Got setting from build profile YAML, name `Color Space`, value `1`
Got setting from build profile YAML, name `Color Space`, value `1`
Got setting from build profile YAML, name `Color Space`, value `1`
Got setting from build profile YAML, name `Color Space`, value `1`
Got setting from build profile YAML, name `Color Space`, value `1`
Got setting from build profile YAML, name `Color Space`, value `1`
Got setting from build profile YAML, name `Color Space`, value `1`
Got setting from build profile YAML, name `Color Space`, value `1`
Got setting from build profile YAML, name `Color Space`, value `1`
Got setting from build profile YAML, name `Color Space`, value `1`
Got setting from build profile YAML, name `Color Space`, value `1`
Got setting from build profile YAML, name `Color Space`, value `1`
Got setting from build profile YAML, name `Color Space`, value `1`
Got setting from build profile YAML, name `Color Space`, value `1`
Got setting from build profile YAML, name `Color Space`, value `1`
Got setting from build profile YAML, name `Color Space`, value `1`
Got setting from build profile YAML, name `Color Space`, value `1`
Got setting from build profile YAML, name `Color Space`, value `1`
Got setting from build profile YAML, name `Color Space`, value `1`
Got setting from build profile YAML, name `Color Space`, value `1`
Got setting from build profile YAML, name `Color Space`, value `1`
Got setting from build profile YAML, name `Color Space`, value `1`
Got setting from build profile YAML, name `Color Space`, value `1`
Got setting from build profile YAML, name `Color Space`, value `1`
Got setting from build profile YAML, name `Color Space`, value `1`
Got setting from build profile YAML, name `Color Space`, value `1`
Got setting from build profile YAML, name `Color Space`, value `1`
Got setting from build profile YAML, name `Color Space`, value `1`
Got setting from build profile YAML, name `Color Space`, value `1`
Got setting from build profile YAML, name `Color Space`, value `1`
Got setting from build profile YAML, name `Color Space`, value `1`
Got setting from build profile YAML, name `Color Space`, value `1`
Got setting from build profile YAML, name `Color Space`, value `1`
Got setting from build profile YAML, name `Color Space`, value `1`
Got setting from build profile YAML, name `Color Space`, value `1`
Got setting from build profile YAML, name `Color Space`, value `1`
Got setting from build profile YAML, name `Color Space`, value `1`
Got setting from build profile YAML, name `Color Space`, value `1`
Got setting from build profile YAML, name `Color Space`, value `1`
Got setting from build profile YAML, name `Color Space`, value `1`
Got setting from build profile YAML, name `Color Space`, value `1`
Got setting from build profile YAML, name `Color Space`, value `1`
Got setting from build profile YAML, name `Color Space`, value `1`
Got setting from build profile YAML, name `Color Space`, value `1`
Got setting from build profile YAML, name `Color Space`, value `1`
Got setting from build profile YAML, name `Color Space`, value `1`
Got setting from build profile YAML, name `Color Space`, value `1`
Got setting from build profile YAML, name `Color Space`, value `1`
Got setting from build profile YAML, name `Color Space`, value `1`
Got setting from build profile YAML, name `Color Space`, value `1`
Got setting from build profile YAML, name `Color Space`, value `1`
Got setting from build profile YAML, name `Color Space`, value `1`
Got setting from build profile YAML, name `Color Space`, value `1`
Got setting from build profile YAML, name `Color Space`, value `1`
Got setting from build profile YAML, name `Color Space`, value `1`
Got setting from build profile YAML, name `Color Space`, value `1`
Got setting from build profile YAML, name `Color Space`, value `1`
Got setting from build profile YAML, name `Color Space`, value `1`
Got setting from build profile YAML, name `Color Space`, value `1`
Got setting from build profile YAML, name `Color Space`, value `1`
Got setting from build profile YAML, name `Color Space`, value `1`
Got setting from build profile YAML, name `Color Space`, value `1`
Got setting from build profile YAML, name `Color Space`, value `1`
Got setting from build profile YAML, name `Color Space`, value `1`
Got setting from build profile YAML, name `Color Space`, value `1`
Got setting from build profile YAML, name `Color Space`, value `1`
Got setting from build profile YAML, name `Color Space`, value `1`
Got setting from build profile YAML, name `Color Space`, value `1`
Got setting from build profile YAML, name `Color Space`, value `1`
Got setting from build profile YAML, name `Color Space`, value `1`
Got setting from build profile YAML, name `Color Space`, value `1`
Got setting from build profile YAML, name `Color Space`, value `1`
Got setting from build profile YAML, name `Color Space`, value `1`
Got setting from build profile YAML, name `Color Space`, value `1`
Got setting from build profile YAML, name `Color Space`, value `1`
Got setting from build profile YAML, name `Color Space`, value `1`
Got setting from build profile YAML, name `Color Space`, value `1`
Got setting from build profile YAML, name `Color Space`, value `1`
Got setting from build profile YAML, name `Color Space`, value `1`
Got setting from build profile YAML, name `Color Space`, value `1`
Got setting from build profile YAML, name `Color Space`, value `1`
Got setting from build profile YAML, name `Color Space`, value `1`
Got setting from build profile YAML, name `Color Space`, value `1`
Got setting from build profile YAML, name `Color Space`, value `1`
Got setting from build profile YAML, name `Color Space`, value `1`
Got setting from build profile YAML, name `Color Space`, value `1`
Got setting from build profile YAML, name `Color Space`, value `1`
Got setting from build profile YAML, name `Color Space`, value `1`
Got setting from build profile YAML, name `Color Space`, value `1`
Got setting from build profile YAML, name `Color Space`, value `1`
Got setting from build profile YAML, name `Color Space`, value `1`
Got setting from build profile YAML, name `Color Space`, value `1`
Got setting from build profile YAML, name `Color Space`, value `1`
Got setting from build profile YAML, name `Color Space`, value `1`
[Licensing::Client] Handshaking with LicensingClient:
  Version:                 1.18.1+9fbee8e
  Session Id:              da11426f1a024d93b6e0b543de117c20
  Correlation Id:          fa3d0ae515da45fbdafde222c48fea4f
  External correlation Id: 8911044405526180648
  Machine Id:              5/liP4YGhrWrgtAcs77GhLq1clQ=
[Licensing::Module] Successfully connected to LicensingClient on channel: "LicenseClient-raven-6000.4.5" (connect: 0.00s, validation: 0.01s, handshake: 0.88s)
[Licensing::IpcConnector] Successfully connected to: "LicenseClient-raven-6000.4.5-notifications" at "2026-06-29T08:26:34.321892Z"
[Licensing::Module] Licensing Background thread has ended after 1.82s
Got setting from build profile YAML, name `Color Space`, value `1`
Got setting from build profile YAML, name `Color Space`, value `1`
Got setting from build profile YAML, name `Color Space`, value `1`
Got setting from build profile YAML, name `Color Space`, value `1`
Got setting from build profile YAML, name `Color Space`, value `1`
Got setting from build profile YAML, name `Color Space`, value `1`
Got setting from build profile YAML, name `Color Space`, value `1`
Got setting from build profile YAML, name `Color Space`, value `1`
Got setting from build profile YAML, name `Color Space`, value `1`
Got setting from build profile YAML, name `Color Space`, value `1`
Got setting from build profile YAML, name `Color Space`, value `1`
Got setting from build profile YAML, name `Color Space`, value `1`
Got setting from build profile YAML, name `Color Space`, value `1`
Got setting from build profile YAML, name `Color Space`, value `1`
Got setting from build profile YAML, name `Color Space`, value `1`
Got setting from build profile YAML, name `Color Space`, value `1`
Got setting from build profile YAML, name `Color Space`, value `1`
Got setting from build profile YAML, name `Color Space`, value `1`
Got setting from build profile YAML, name `Color Space`, value `1`
Got setting from build profile YAML, name `Color Space`, value `1`
Got setting from build profile YAML, name `Color Space`, value `1`
Got setting from build profile YAML, name `Color Space`, value `1`
Got setting from build profile YAML, name `Color Space`, value `1`
Got setting from build profile YAML, name `Color Space`, value `1`
Got setting from build profile YAML, name `Color Space`, value `1`
Got setting from build profile YAML, name `Color Space`, value `1`
Got setting from build profile YAML, name `Color Space`, value `1`
Got setting from build profile YAML, name `Color Space`, value `1`
Got setting from build profile YAML, name `Color Space`, value `1`
Got setting from build profile YAML, name `Color Space`, value `1`
Got setting from build profile YAML, name `Color Space`, value `1`
Got setting from build profile YAML, name `Color Space`, value `1`
Got setting from build profile YAML, name `Color Space`, value `1`
Got setting from build profile YAML, name `Color Space`, value `1`
Got setting from build profile YAML, name `Color Space`, value `1`
Got setting from build profile YAML, name `Color Space`, value `1`
Got setting from build profile YAML, name `Color Space`, value `1`
Got setting from build profile YAML, name `Color Space`, value `1`
Got setting from build profile YAML, name `Color Space`, value `1`
Got setting from build profile YAML, name `Color Space`, value `1`
Got setting from build profile YAML, name `Color Space`, value `1`
Got setting from build profile YAML, name `Color Space`, value `1`
Got setting from build profile YAML, name `Color Space`, value `1`
Got setting from build profile YAML, name `Color Space`, value `1`
Got setting from build profile YAML, name `Color Space`, value `1`
Got setting from build profile YAML, name `Color Space`, value `1`
Got setting from build profile YAML, name `Color Space`, value `1`
Got setting from build profile YAML, name `Color Space`, value `1`
Got setting from build profile YAML, name `Color Space`, value `1`
Got setting from build profile YAML, name `Color Space`, value `1`
Got setting from build profile YAML, name `Color Space`, value `1`
Initialize mono
Mono path[0] = '/Applications/Unity/Hub/Editor/6000.4.5f1/Unity.app/Contents/Resources/Scripting/Managed'
Mono path[1] = '/Applications/Unity/Hub/Editor/6000.4.5f1/Unity.app/Contents/Resources/Scripting/MonoBleedingEdge/lib/mono/unityjit-macos'
Mono config path = '/Applications/Unity/Hub/Editor/6000.4.5f1/Unity.app/Contents/Resources/Scripting/MonoBleedingEdge/etc'
Using monoOptions --debugger-agent=transport=dt_socket,embedding=1,server=y,suspend=n,address=127.0.0.1:56154
CodeReloadManager initialized
Begin MonoManager ReloadAssembly
Registering precompiled unity dll's ...
Register platform support module: /Applications/Unity/Hub/Editor/6000.4.5f1/PlaybackEngines/WebGLSupport/UnityEditor.WebGL.Extensions.dll
Register platform support module: /Applications/Unity/Hub/Editor/6000.4.5f1/Unity.app/Contents/PlaybackEngines/MacStandaloneSupport/UnityEditor.OSXStandalone.Extensions.dll
Registered in 0.001490 seconds.
Native extension for OSXStandalone target not found
Native extension for WebGL target not found
Package Manager log level set to [2]
[Package Manager] Failed to launch server process. Reason: Unity was launched with the -noUpm command-line argument
[Package Manager] Unable to send message (not connected to server process).
[Package Manager] Cannot connect to Unity Package Manager local server
Got setting from build profile YAML, name `Color Space`, value `1`
Got setting from build profile YAML, name `Color Space`, value `1`
Got setting from build profile YAML, name `Color Space`, value `1`
Got setting from build profile YAML, name `Color Space`, value `1`
Got setting from build profile YAML, name `Color Space`, value `1`
Got setting from build profile YAML, name `Color Space`, value `1`
Got setting from build profile YAML, name `Color Space`, value `1`
Got setting from build profile YAML, name `Color Space`, value `1`
Got setting from build profile YAML, name `Color Space`, value `1`
Got setting from build profile YAML, name `Color Space`, value `1`
Got setting from build profile YAML, name `Color Space`, value `1`
Got setting from build profile YAML, name `Color Space`, value `1`
Got setting from build profile YAML, name `Color Space`, value `1`
Got setting from build profile YAML, name `Color Space`, value `1`
Got setting from build profile YAML, name `Color Space`, value `1`
Got setting from build profile YAML, name `Color Space`, value `1`
Got setting from build profile YAML, name `Color Space`, value `1`
Got setting from build profile YAML, name `Color Space`, value `1`
Got setting from build profile YAML, name `Color Space`, value `1`
Got setting from build profile YAML, name `Color Space`, value `1`
Got setting from build profile YAML, name `Color Space`, value `1`
Got setting from build profile YAML, name `Color Space`, value `1`
Got setting from build profile YAML, name `Color Space`, value `1`
Got setting from build profile YAML, name `Color Space`, value `1`
Got setting from build profile YAML, name `Color Space`, value `1`
Got setting from build profile YAML, name `Color Space`, value `1`
Got setting from build profile YAML, name `Color Space`, value `1`
Got setting from build profile YAML, name `Color Space`, value `1`
Got setting from build profile YAML, name `Color Space`, value `1`
Got setting from build profile YAML, name `Color Space`, value `1`
Got setting from build profile YAML, name `Color Space`, value `1`
Got setting from build profile YAML, name `Color Space`, value `1`
Got setting from build profile YAML, name `Color Space`, value `1`
Got setting from build profile YAML, name `Color Space`, value `1`
Got setting from build profile YAML, name `Color Space`, value `1`
Got setting from build profile YAML, name `Color Space`, value `1`
Got setting from build profile YAML, name `Color Space`, value `1`
Got setting from build profile YAML, name `Color Space`, value `1`
Got setting from build profile YAML, name `Color Space`, value `1`
Got setting from build profile YAML, name `Color Space`, value `1`
Got setting from build profile YAML, name `Color Space`, value `1`
Got setting from build profile YAML, name `Color Space`, value `1`
Got setting from build profile YAML, name `Color Space`, value `1`
Got setting from build profile YAML, name `Color Space`, value `1`
Got setting from build profile YAML, name `Color Space`, value `1`
Got setting from build profile YAML, name `Color Space`, value `1`
Got setting from build profile YAML, name `Color Space`, value `1`
Got setting from build profile YAML, name `Color Space`, value `1`
Got setting from build profile YAML, name `Color Space`, value `1`
Got setting from build profile YAML, name `Color Space`, value `1`
Got setting from build profile YAML, name `Color Space`, value `1`
Got setting from build profile YAML, name `Color Space`, value `1`
Got setting from build profile YAML, name `Color Space`, value `1`
Got setting from build profile YAML, name `Color Space`, value `1`
Got setting from build profile YAML, name `Color Space`, value `1`
Got setting from build profile YAML, name `Color Space`, value `1`
Got setting from build profile YAML, name `Color Space`, value `1`
Got setting from build profile YAML, name `Color Space`, value `1`
Got setting from build profile YAML, name `Color Space`, value `1`
Got setting from build profile YAML, name `Color Space`, value `1`
Got setting from build profile YAML, name `Color Space`, value `1`
Got setting from build profile YAML, name `Color Space`, value `1`
Got setting from build profile YAML, name `Color Space`, value `1`
Got setting from build profile YAML, name `Color Space`, value `1`
Got setting from build profile YAML, name `Color Space`, value `1`
Got setting from build profile YAML, name `Color Space`, value `1`
ScheduleIndexationOnStartup MainProcess:False IndexOnStartup:True
Mono: successfully reloaded assembly
- Finished resetting the current domain, in  1.889 seconds
Domain Reload Profiling: 2893ms
	BeginReloadAssembly (400ms)
		CreateAndSetChildDomain (3ms)
	RebuildCommonClasses (66ms)
	RebuildNativeTypeToScriptingClass (17ms)
	initialDomainReloadingComplete (176ms)
	LoadAllAssembliesAndSetupDomain (340ms)
		LoadAssemblies (396ms)
		AnalyzeDomain (312ms)
			TypeCache.Refresh (308ms)
				TypeCache.ScanAssembly (284ms)
			ResolveRequiredComponents (3ms)
	FinalizeReload (1895ms)
		SetupLoadedEditorAssemblies (0ms)
			InitializePlatformSupportModulesInManaged (235ms)
			BeforeProcessingInitializeOnLoad (563ms)
			ProcessInitializeOnLoadAttributes (561ms)
			ProcessInitializeOnLoadMethodAttributes (273ms)
[CoreBusinessMetrics] Unexpected thread when updating session info.
========================================================================
Worker process is ready to serve import requests
Import Worker Mode flag is 0x00
Begin MonoManager ReloadAssembly
Got setting from build profile YAML, name `m_Development`, value `0`
[Licensing::Client] Successfully resolved entitlement details
[Licensing::Module] License group:
  Id: 18968325637018-UnityPersXXXX
  Product: Unity Personal
  Type: Assigned
  Expiration: Unlimited
Got setting from build profile YAML, name `Color Space`, value `1`
Got setting from build profile YAML, name `Color Space`, value `1`
Launching external process: /Applications/Unity/Hub/Editor/6000.4.5f1/Unity.app/Contents/Helpers/UnityShaderCompiler
Launched and connected shader compiler UnityShaderCompiler after 0.89 seconds
Assembly Assembly-CSharp-Editor-firstpass.dll at Library/ScriptAssemblies/Assembly-CSharp-Editor-firstpass.dll not valid. Loading of assembly skipped.
Assembly Assembly-CSharp-firstpass.dll at Library/ScriptAssemblies/Assembly-CSharp-firstpass.dll not valid. Loading of assembly skipped.
Assembly DocCodeExamples.dll at Library/ScriptAssemblies/DocCodeExamples.dll not valid. Loading of assembly skipped.
Assembly TestNewCustomAssembly.dll at Library/ScriptAssemblies/TestNewCustomAssembly.dll not valid. Loading of assembly skipped.
Assembly Unity.2D.Animation.EditorTests.dll at Library/ScriptAssemblies/Unity.2D.Animation.EditorTests.dll not valid. Loading of assembly skipped.
Assembly Unity.2D.Aseprite.EditorTests.dll at Library/ScriptAssemblies/Unity.2D.Aseprite.EditorTests.dll not valid. Loading of assembly skipped.
Assembly Unity.2D.Common.EditorTests.dll at Library/ScriptAssemblies/Unity.2D.Common.EditorTests.dll not valid. Loading of assembly skipped.
Assembly Unity.2D.Psdimporter.EditorTests.dll at Library/ScriptAssemblies/Unity.2D.Psdimporter.EditorTests.dll not valid. Loading of assembly skipped.
Assembly Unity.2D.Sprite.Package.EditorTests.dll at Library/ScriptAssemblies/Unity.2D.Sprite.Package.EditorTests.dll not valid. Loading of assembly skipped.
Assembly Unity.2D.SpriteShape.EditorTests.dll at Library/ScriptAssemblies/Unity.2D.SpriteShape.EditorTests.dll not valid. Loading of assembly skipped.
Assembly Unity.2D.Tilemap.Package.EditorTests.dll at Library/ScriptAssemblies/Unity.2D.Tilemap.Package.EditorTests.dll not valid. Loading of assembly skipped.
Assembly Unity.Collections.BurstCompatibilityGen.dll at Library/ScriptAssemblies/Unity.Collections.BurstCompatibilityGen.dll not valid. Loading of assembly skipped.
Assembly Unity.Collections.DocCodeSamples.dll at Library/ScriptAssemblies/Unity.Collections.DocCodeSamples.dll not valid. Loading of assembly skipped.
Assembly Unity.Collections.PerformanceTests.dll at Library/ScriptAssemblies/Unity.Collections.PerformanceTests.dll not valid. Loading of assembly skipped.
Assembly Unity.Collections.Tests.dll at Library/ScriptAssemblies/Unity.Collections.Tests.dll not valid. Loading of assembly skipped.
Assembly Unity.Collections.Tests.Playmode.dll at Library/ScriptAssemblies/Unity.Collections.Tests.Playmode.dll not valid. Loading of assembly skipped.
Assembly Unity.InputSystem.IntegrationTests.dll at Library/ScriptAssemblies/Unity.InputSystem.IntegrationTests.dll not valid. Loading of assembly skipped.
Assembly Unity.Mathematics.Tests.dll at Library/ScriptAssemblies/Unity.Mathematics.Tests.dll not valid. Loading of assembly skipped.
Assembly Unity.Multiplayer.Center.Editor.Tests.dll at Library/ScriptAssemblies/Unity.Multiplayer.Center.Editor.Tests.dll not valid. Loading of assembly skipped.
Assembly Unity.Multiplayer.Center.Tests.dll at Library/ScriptAssemblies/Unity.Multiplayer.Center.Tests.dll not valid. Loading of assembly skipped.
Assembly Unity.Nuget.Mono-Cecil.dll at Library/ScriptAssemblies/Unity.Nuget.Mono-Cecil.dll not valid. Loading of assembly skipped.
Assembly Unity.PathTracing.Editor.Tests.dll at Library/ScriptAssemblies/Unity.PathTracing.Editor.Tests.dll not valid. Loading of assembly skipped.
Assembly Unity.PathTracing.Runtime.Tests.dll at Library/ScriptAssemblies/Unity.PathTracing.Runtime.Tests.dll not valid. Loading of assembly skipped.
Assembly Unity.RenderPipelines.Core.Editor.Tests.dll at Library/ScriptAssemblies/Unity.RenderPipelines.Core.Editor.Tests.dll not valid. Loading of assembly skipped.
Assembly Unity.RenderPipelines.Core.Runtime.Tests.dll at Library/ScriptAssemblies/Unity.RenderPipelines.Core.Runtime.Tests.dll not valid. Loading of assembly skipped.
Assembly Unity.RenderPipelines.Universal.Config.Editor.Tests.dll at Library/ScriptAssemblies/Unity.RenderPipelines.Universal.Config.Editor.Tests.dll not valid. Loading of assembly skipped.
Assembly Unity.RenderPipelines.Universal.Editor.Tests.dll at Library/ScriptAssemblies/Unity.RenderPipelines.Universal.Editor.Tests.dll not valid. Loading of assembly skipped.
Assembly Unity.RenderPipelines.Universal.Runtime.Tests.dll at Library/ScriptAssemblies/Unity.RenderPipelines.Universal.Runtime.Tests.dll not valid. Loading of assembly skipped.
Assembly Unity.Searcher.EditorTests.dll at Library/ScriptAssemblies/Unity.Searcher.EditorTests.dll not valid. Loading of assembly skipped.
Assembly Unity.ShaderGraph.Editor.Tests.dll at Library/ScriptAssemblies/Unity.ShaderGraph.Editor.Tests.dll not valid. Loading of assembly skipped.
Assembly Unity.TextMeshPro.Editor.Tests.dll at Library/ScriptAssemblies/Unity.TextMeshPro.Editor.Tests.dll not valid. Loading of assembly skipped.
Assembly Unity.TextMeshPro.Tests.dll at Library/ScriptAssemblies/Unity.TextMeshPro.Tests.dll not valid. Loading of assembly skipped.
Assembly Unity.UnifiedRayTracing.Editor.Tests.dll at Library/ScriptAssemblies/Unity.UnifiedRayTracing.Editor.Tests.dll not valid. Loading of assembly skipped.
Assembly UnityEditor.UI.Common.Tests.dll at Library/ScriptAssemblies/UnityEditor.UI.Common.Tests.dll not valid. Loading of assembly skipped.
Assembly UnityEditor.UI.EditorTests.dll at Library/ScriptAssemblies/UnityEditor.UI.EditorTests.dll not valid. Loading of assembly skipped.
Assembly UnityEngine.UI.Tests.dll at Library/ScriptAssemblies/UnityEngine.UI.Tests.dll not valid. Loading of assembly skipped.
Native extension for OSXStandalone target not found
Native extension for WebGL target not found
[Package Manager] Failed to launch server process. Reason: Unity was launched with the -noUpm command-line argument
[Package Manager] Unable to send message (not connected to server process).
[Package Manager] Cannot connect to Unity Package Manager local server
[Package Manager] Failed to launch server process. Reason: Unity was launched with the -noUpm command-line argument
[Package Manager] Unable to send message (not connected to server process).
[Package Manager] Cannot connect to Unity Package Manager local server
ScheduleIndexationOnStartup MainProcess:False IndexOnStartup:True
Mono: successfully reloaded assembly
- Finished resetting the current domain, in  3.050 seconds
Domain Reload Profiling: 6381ms
	BeginReloadAssembly (2098ms)
		DisableScriptedObjects (1640ms)
		CreateAndSetChildDomain (64ms)
	RebuildCommonClasses (58ms)
	RebuildNativeTypeToScriptingClass (17ms)
	initialDomainReloadingComplete (150ms)
	LoadAllAssembliesAndSetupDomain (1006ms)
		LoadAssemblies (667ms)
		AnalyzeDomain (491ms)
			TypeCache.Refresh (319ms)
				TypeCache.ScanAssembly (287ms)
			BuildScriptInfoCaches (128ms)
			ResolveRequiredComponents (42ms)
	FinalizeReload (3052ms)
		SetupLoadedEditorAssemblies (0ms)
			InitializePlatformSupportModulesInManaged (7ms)
			BeforeProcessingInitializeOnLoad (613ms)
			ProcessInitializeOnLoadAttributes (1441ms)
			ProcessInitializeOnLoadMethodAttributes (480ms)
		AwakeInstancesAfterBackupRestoration (72ms)
WARNING: Shader Unsupported: 'Universal Render Pipeline/VR/SpatialMapping/Wireframe' - All subshaders removed
WARNING: Shader Did you use #pragma only_renderers and omit this platform?
WARNING: Shader If subshaders removal was intentional, you may have forgotten turning Fallback off?
Shader Hidden/ChartRasterizerHardware is not supported: GPU does not support conservative rasterization
Shader Hidden/ChartRasterizerHardware is not supported: GPU does not support conservative rasterization
Unloading 26 Unused Serialized files (Serialized files now loaded: 0)
Unloading 7285 unused Assets / (4.3 MB). Loaded Objects now: 8155.
Memory consumption went from 173.6 MB to 169.3 MB.
Total: 14.358334 ms (FindLiveObjects: 3.473042 ms CreateObjectMapping: 0.883333 ms MarkObjects: 7.286833 ms  DeleteObjects: 2.531833 ms)

========================================================================
Received Import Request.
  Time since last request: 208586.919109 seconds.
  path: Assets/Scenes/game.unity
  importAddress: Guid(e4aadcd0be7cf4cc98df6cbd84d80c99) Importer(2089858483,b0f066a214c2f5e87bad3c948f4d605d)
Start importing Assets/Scenes/game.unity using Guid(e4aadcd0be7cf4cc98df6cbd84d80c99) Importer(2089858483,b0f066a214c2f5e87bad3c948f4d605d) (ScriptedImporter) -> (Import Result ID: '712cc430c20c3a741c2375f0886f74bb') in 0.216439625 seconds [static and dynamic dependencies]. Details - ImportResultOutputID=53d1271d051f716f342d60498e9ca6a8 DependenciesID=db6e24622248927577cf5a14a04654ee StaticDependenciesID=1ee7df5cac754174728e4d53f3d903a5 
Number of updated asset objects reloaded before import = 0Number of asset objects unloaded after import = 1

========================================================================
Received Import Request.
  Time since last request: 0.000115 seconds.
  path: Assets/Settings/Build Profiles/Web.asset
  importAddress: Guid(547a054cddd314bf988ad70ce7bd5dd8) Importer(2089858483,b0f066a214c2f5e87bad3c948f4d605d)
Start importing Assets/Settings/Build Profiles/Web.asset using Guid(547a054cddd314bf988ad70ce7bd5dd8) Importer(2089858483,b0f066a214c2f5e87bad3c948f4d605d) (ScriptedImporter) -> (Import Result ID: '73093175f6d60330d00131fbb6e95d05') in 0.21848925 seconds [static and dynamic dependencies]. Details - ImportResultOutputID=59b0b73c61cea891783e7582919100b3 DependenciesID=3fc41664a154c6787f9839b85088e6ab StaticDependenciesID=312f14a3a73e96a3d29fdb181979eede 
Number of updated asset objects reloaded before import = 0Number of asset objects unloaded after import = 1

========================================================================
Received Prepare
WARNING: Shader Unsupported: 'Universal Render Pipeline/VR/SpatialMapping/Wireframe' - All subshaders removed
WARNING: Shader Did you use #pragma only_renderers and omit this platform?
WARNING: Shader If subshaders removal was intentional, you may have forgotten turning Fallback off?
Shader Hidden/ChartRasterizerHardware is not supported: GPU does not support conservative rasterization
Refreshing native plugins compatible for Editor in 6.04 ms, found 3 plugins.
Unloading 26 Unused Serialized files (Serialized files now loaded: 0)
Unloading 26 unused Assets / (2.7 MB). Loaded Objects now: 8157.
Memory consumption went from 167.9 MB to 165.2 MB.
Total: 75.769583 ms (FindLiveObjects: 2.696417 ms CreateObjectMapping: 0.427167 ms MarkObjects: 69.426292 ms  DeleteObjects: 3.213834 ms)

Prepare: number of updated asset objects reloaded= 0
EnvironmentDependencyValues requested are different than current active one (requested -> active):
  graphicsApiMask: 2048 -> 67584
========================================================================
Received Import Request.
  Time since last request: 2328.812858 seconds.
  path: Assets/AssetsV2/PokerTableCopilot1.png
  importAddress: Guid(74c4a90b9892447c9a30204a9f102dcb) Importer(815301076,1909f56bfc062723c751e8b465ee728b)
Start importing Assets/AssetsV2/PokerTableCopilot1.png using Guid(74c4a90b9892447c9a30204a9f102dcb) Importer(815301076,1909f56bfc062723c751e8b465ee728b) (PreviewImporter) -> (Import Result ID: '14440fb8b141e869106a465312ecd50a') in 2.242918084 seconds [static and dynamic dependencies]. Details - ImportResultOutputID=a4d7899906478e86f7c56cb72d99ae08 DependenciesID=d54f97f76d3ba923836e7b7712b24bc1 StaticDependenciesID=14531ecfc464df9872400f408b302988 
Number of updated asset objects reloaded before import = 0Number of asset objects unloaded after import = 3

========================================================================
Received Prepare
Begin MonoManager ReloadAssembly
[Licensing::Client] Successfully resolved entitlement details
Assembly Assembly-CSharp-Editor-firstpass.dll at Library/ScriptAssemblies/Assembly-CSharp-Editor-firstpass.dll not valid. Loading of assembly skipped.
Assembly Assembly-CSharp-firstpass.dll at Library/ScriptAssemblies/Assembly-CSharp-firstpass.dll not valid. Loading of assembly skipped.
Assembly DocCodeExamples.dll at Library/ScriptAssemblies/DocCodeExamples.dll not valid. Loading of assembly skipped.
Assembly TestNewCustomAssembly.dll at Library/ScriptAssemblies/TestNewCustomAssembly.dll not valid. Loading of assembly skipped.
Assembly Unity.2D.Animation.EditorTests.dll at Library/ScriptAssemblies/Unity.2D.Animation.EditorTests.dll not valid. Loading of assembly skipped.
Assembly Unity.2D.Aseprite.EditorTests.dll at Library/ScriptAssemblies/Unity.2D.Aseprite.EditorTests.dll not valid. Loading of assembly skipped.
Assembly Unity.2D.Common.EditorTests.dll at Library/ScriptAssemblies/Unity.2D.Common.EditorTests.dll not valid. Loading of assembly skipped.
Assembly Unity.2D.Psdimporter.EditorTests.dll at Library/ScriptAssemblies/Unity.2D.Psdimporter.EditorTests.dll not valid. Loading of assembly skipped.
Assembly Unity.2D.Sprite.Package.EditorTests.dll at Library/ScriptAssemblies/Unity.2D.Sprite.Package.EditorTests.dll not valid. Loading of assembly skipped.
Assembly Unity.2D.SpriteShape.EditorTests.dll at Library/ScriptAssemblies/Unity.2D.SpriteShape.EditorTests.dll not valid. Loading of assembly skipped.
Assembly Unity.2D.Tilemap.Package.EditorTests.dll at Library/ScriptAssemblies/Unity.2D.Tilemap.Package.EditorTests.dll not valid. Loading of assembly skipped.
Assembly Unity.Collections.BurstCompatibilityGen.dll at Library/ScriptAssemblies/Unity.Collections.BurstCompatibilityGen.dll not valid. Loading of assembly skipped.
Assembly Unity.Collections.DocCodeSamples.dll at Library/ScriptAssemblies/Unity.Collections.DocCodeSamples.dll not valid. Loading of assembly skipped.
Assembly Unity.Collections.PerformanceTests.dll at Library/ScriptAssemblies/Unity.Collections.PerformanceTests.dll not valid. Loading of assembly skipped.
Assembly Unity.Collections.Tests.dll at Library/ScriptAssemblies/Unity.Collections.Tests.dll not valid. Loading of assembly skipped.
Assembly Unity.Collections.Tests.Playmode.dll at Library/ScriptAssemblies/Unity.Collections.Tests.Playmode.dll not valid. Loading of assembly skipped.
Assembly Unity.InputSystem.IntegrationTests.dll at Library/ScriptAssemblies/Unity.InputSystem.IntegrationTests.dll not valid. Loading of assembly skipped.
Assembly Unity.Mathematics.Tests.dll at Library/ScriptAssemblies/Unity.Mathematics.Tests.dll not valid. Loading of assembly skipped.
Assembly Unity.Multiplayer.Center.Editor.Tests.dll at Library/ScriptAssemblies/Unity.Multiplayer.Center.Editor.Tests.dll not valid. Loading of assembly skipped.
Assembly Unity.Multiplayer.Center.Tests.dll at Library/ScriptAssemblies/Unity.Multiplayer.Center.Tests.dll not valid. Loading of assembly skipped.
Assembly Unity.Nuget.Mono-Cecil.dll at Library/ScriptAssemblies/Unity.Nuget.Mono-Cecil.dll not valid. Loading of assembly skipped.
Assembly Unity.PathTracing.Editor.Tests.dll at Library/ScriptAssemblies/Unity.PathTracing.Editor.Tests.dll not valid. Loading of assembly skipped.
Assembly Unity.PathTracing.Runtime.Tests.dll at Library/ScriptAssemblies/Unity.PathTracing.Runtime.Tests.dll not valid. Loading of assembly skipped.
Assembly Unity.RenderPipelines.Core.Editor.Tests.dll at Library/ScriptAssemblies/Unity.RenderPipelines.Core.Editor.Tests.dll not valid. Loading of assembly skipped.
Assembly Unity.RenderPipelines.Core.Runtime.Tests.dll at Library/ScriptAssemblies/Unity.RenderPipelines.Core.Runtime.Tests.dll not valid. Loading of assembly skipped.
Assembly Unity.RenderPipelines.Universal.Config.Editor.Tests.dll at Library/ScriptAssemblies/Unity.RenderPipelines.Universal.Config.Editor.Tests.dll not valid. Loading of assembly skipped.
Assembly Unity.RenderPipelines.Universal.Editor.Tests.dll at Library/ScriptAssemblies/Unity.RenderPipelines.Universal.Editor.Tests.dll not valid. Loading of assembly skipped.
Assembly Unity.RenderPipelines.Universal.Runtime.Tests.dll at Library/ScriptAssemblies/Unity.RenderPipelines.Universal.Runtime.Tests.dll not valid. Loading of assembly skipped.
Assembly Unity.Searcher.EditorTests.dll at Library/ScriptAssemblies/Unity.Searcher.EditorTests.dll not valid. Loading of assembly skipped.
Assembly Unity.ShaderGraph.Editor.Tests.dll at Library/ScriptAssemblies/Unity.ShaderGraph.Editor.Tests.dll not valid. Loading of assembly skipped.
Assembly Unity.TextMeshPro.Editor.Tests.dll at Library/ScriptAssemblies/Unity.TextMeshPro.Editor.Tests.dll not valid. Loading of assembly skipped.
Assembly Unity.TextMeshPro.Tests.dll at Library/ScriptAssemblies/Unity.TextMeshPro.Tests.dll not valid. Loading of assembly skipped.
Assembly Unity.UnifiedRayTracing.Editor.Tests.dll at Library/ScriptAssemblies/Unity.UnifiedRayTracing.Editor.Tests.dll not valid. Loading of assembly skipped.
Assembly UnityEditor.UI.Common.Tests.dll at Library/ScriptAssemblies/UnityEditor.UI.Common.Tests.dll not valid. Loading of assembly skipped.
Assembly UnityEditor.UI.EditorTests.dll at Library/ScriptAssemblies/UnityEditor.UI.EditorTests.dll not valid. Loading of assembly skipped.
Assembly UnityEngine.UI.Tests.dll at Library/ScriptAssemblies/UnityEngine.UI.Tests.dll not valid. Loading of assembly skipped.
Native extension for OSXStandalone target not found
Native extension for WebGL target not found
[Package Manager] Failed to launch server process. Reason: Unity was launched with the -noUpm command-line argument
[Package Manager] Unable to send message (not connected to server process).
[Package Manager] Cannot connect to Unity Package Manager local server
[Package Manager] Failed to launch server process. Reason: Unity was launched with the -noUpm command-line argument
[Package Manager] Unable to send message (not connected to server process).
[Package Manager] Cannot connect to Unity Package Manager local server
ScheduleIndexationOnStartup MainProcess:False IndexOnStartup:True
Mono: successfully reloaded assembly
- Finished resetting the current domain, in  4.448 seconds
Domain Reload Profiling: 10337ms
	BeginReloadAssembly (3511ms)
		DisableScriptedObjects (335ms)
		ReleaseScriptingObjects (7ms)
		CreateAndSetChildDomain (1613ms)
	RebuildCommonClasses (85ms)
	RebuildNativeTypeToScriptingClass (18ms)
	initialDomainReloadingComplete (455ms)
	LoadAllAssembliesAndSetupDomain (1818ms)
		LoadAssemblies (2171ms)
		AnalyzeDomain (677ms)
			TypeCache.Refresh (46ms)
			BuildScriptInfoCaches (508ms)
			ResolveRequiredComponents (111ms)
	FinalizeReload (4450ms)
		SetupLoadedEditorAssemblies (0ms)
			InitializePlatformSupportModulesInManaged (18ms)
			BeforeProcessingInitializeOnLoad (1497ms)
			ProcessInitializeOnLoadAttributes (1697ms)
			ProcessInitializeOnLoadMethodAttributes (359ms)
		AwakeInstancesAfterBackupRestoration (130ms)
WARNING: Shader Unsupported: 'Universal Render Pipeline/VR/SpatialMapping/Wireframe' - All subshaders removed
WARNING: Shader Did you use #pragma only_renderers and omit this platform?
WARNING: Shader If subshaders removal was intentional, you may have forgotten turning Fallback off?
Shader Hidden/ChartRasterizerHardware is not supported: GPU does not support conservative rasterization
Unloading 26 Unused Serialized files (Serialized files now loaded: 0)
Unloading 7282 unused Assets / (4.2 MB). Loaded Objects now: 8166.
Memory consumption went from 182.0 MB to 177.8 MB.
Total: 31.835334 ms (FindLiveObjects: 9.449250 ms CreateObjectMapping: 1.460208 ms MarkObjects: 12.019792 ms  DeleteObjects: 8.904834 ms)

Prepare: number of updated asset objects reloaded= 0
EnvironmentDependencyValues requested are different than current active one (requested -> active):
  graphicsApiMask: 2048 -> 67584
========================================================================
Received Import Request.
  Time since last request: 123.201126 seconds.
  path: Assets/AssetsV2/PokerTableCopilot1x.png
  importAddress: Guid(67a6cc9d75ae14d4088a64ff875cdb93) Importer(815301076,1909f56bfc062723c751e8b465ee728b)
Start importing Assets/AssetsV2/PokerTableCopilot1x.png using Guid(67a6cc9d75ae14d4088a64ff875cdb93) Importer(815301076,1909f56bfc062723c751e8b465ee728b) (PreviewImporter) -> (Import Result ID: 'a35a1b32dbdaf6d3eecd067c232f5d1f') in 0.439399917 seconds [static and dynamic dependencies]. Details - ImportResultOutputID=434d2ddc75ab4768cc154e83770ed12b DependenciesID=f0c77add88d1e969daa40cfb1db21aaf StaticDependenciesID=5f249c447f90eeb944fe5e77dc454ec4 
Number of updated asset objects reloaded before import = 0Number of asset objects unloaded after import = 3

========================================================================
Received Import Request.
  Time since last request: 100.010606 seconds.
  path: Assets/AssetsV2/PokerTableCopilot1y.png
  importAddress: Guid(3aa665ec945834d5693e14c0813df65c) Importer(815301076,1909f56bfc062723c751e8b465ee728b)
Start importing Assets/AssetsV2/PokerTableCopilot1y.png using Guid(3aa665ec945834d5693e14c0813df65c) Importer(815301076,1909f56bfc062723c751e8b465ee728b) (PreviewImporter) -> (Import Result ID: '099ba207e8edab58a5fa6a37eef76bc7') in 0.092143125 seconds [static and dynamic dependencies]. Details - ImportResultOutputID=45df92645b102931885efa7c3c3b067e DependenciesID=ff10875fadf1a76091b3e4153f71003c StaticDependenciesID=e0862813fb78f494613da8c59a0f0f8e 
Number of updated asset objects reloaded before import = 0Number of asset objects unloaded after import = 3

========================================================================
Received Prepare
Begin MonoManager ReloadAssembly
[Licensing::Client] Successfully resolved entitlement details
Assembly Assembly-CSharp-Editor-firstpass.dll at Library/ScriptAssemblies/Assembly-CSharp-Editor-firstpass.dll not valid. Loading of assembly skipped.
Assembly Assembly-CSharp-firstpass.dll at Library/ScriptAssemblies/Assembly-CSharp-firstpass.dll not valid. Loading of assembly skipped.
Assembly DocCodeExamples.dll at Library/ScriptAssemblies/DocCodeExamples.dll not valid. Loading of assembly skipped.
Assembly TestNewCustomAssembly.dll at Library/ScriptAssemblies/TestNewCustomAssembly.dll not valid. Loading of assembly skipped.
Assembly Unity.2D.Animation.EditorTests.dll at Library/ScriptAssemblies/Unity.2D.Animation.EditorTests.dll not valid. Loading of assembly skipped.
Assembly Unity.2D.Aseprite.EditorTests.dll at Library/ScriptAssemblies/Unity.2D.Aseprite.EditorTests.dll not valid. Loading of assembly skipped.
Assembly Unity.2D.Common.EditorTests.dll at Library/ScriptAssemblies/Unity.2D.Common.EditorTests.dll not valid. Loading of assembly skipped.
Assembly Unity.2D.Psdimporter.EditorTests.dll at Library/ScriptAssemblies/Unity.2D.Psdimporter.EditorTests.dll not valid. Loading of assembly skipped.
Assembly Unity.2D.Sprite.Package.EditorTests.dll at Library/ScriptAssemblies/Unity.2D.Sprite.Package.EditorTests.dll not valid. Loading of assembly skipped.
Assembly Unity.2D.SpriteShape.EditorTests.dll at Library/ScriptAssemblies/Unity.2D.SpriteShape.EditorTests.dll not valid. Loading of assembly skipped.
Assembly Unity.2D.Tilemap.Package.EditorTests.dll at Library/ScriptAssemblies/Unity.2D.Tilemap.Package.EditorTests.dll not valid. Loading of assembly skipped.
Assembly Unity.Collections.BurstCompatibilityGen.dll at Library/ScriptAssemblies/Unity.Collections.BurstCompatibilityGen.dll not valid. Loading of assembly skipped.
Assembly Unity.Collections.DocCodeSamples.dll at Library/ScriptAssemblies/Unity.Collections.DocCodeSamples.dll not valid. Loading of assembly skipped.
Assembly Unity.Collections.PerformanceTests.dll at Library/ScriptAssemblies/Unity.Collections.PerformanceTests.dll not valid. Loading of assembly skipped.
Assembly Unity.Collections.Tests.dll at Library/ScriptAssemblies/Unity.Collections.Tests.dll not valid. Loading of assembly skipped.
Assembly Unity.Collections.Tests.Playmode.dll at Library/ScriptAssemblies/Unity.Collections.Tests.Playmode.dll not valid. Loading of assembly skipped.
Assembly Unity.InputSystem.IntegrationTests.dll at Library/ScriptAssemblies/Unity.InputSystem.IntegrationTests.dll not valid. Loading of assembly skipped.
Assembly Unity.Mathematics.Tests.dll at Library/ScriptAssemblies/Unity.Mathematics.Tests.dll not valid. Loading of assembly skipped.
Assembly Unity.Multiplayer.Center.Editor.Tests.dll at Library/ScriptAssemblies/Unity.Multiplayer.Center.Editor.Tests.dll not valid. Loading of assembly skipped.
Assembly Unity.Multiplayer.Center.Tests.dll at Library/ScriptAssemblies/Unity.Multiplayer.Center.Tests.dll not valid. Loading of assembly skipped.
Assembly Unity.Nuget.Mono-Cecil.dll at Library/ScriptAssemblies/Unity.Nuget.Mono-Cecil.dll not valid. Loading of assembly skipped.
Assembly Unity.PathTracing.Editor.Tests.dll at Library/ScriptAssemblies/Unity.PathTracing.Editor.Tests.dll not valid. Loading of assembly skipped.
Assembly Unity.PathTracing.Runtime.Tests.dll at Library/ScriptAssemblies/Unity.PathTracing.Runtime.Tests.dll not valid. Loading of assembly skipped.
Assembly Unity.RenderPipelines.Core.Editor.Tests.dll at Library/ScriptAssemblies/Unity.RenderPipelines.Core.Editor.Tests.dll not valid. Loading of assembly skipped.
Assembly Unity.RenderPipelines.Core.Runtime.Tests.dll at Library/ScriptAssemblies/Unity.RenderPipelines.Core.Runtime.Tests.dll not valid. Loading of assembly skipped.
Assembly Unity.RenderPipelines.Universal.Config.Editor.Tests.dll at Library/ScriptAssemblies/Unity.RenderPipelines.Universal.Config.Editor.Tests.dll not valid. Loading of assembly skipped.
Assembly Unity.RenderPipelines.Universal.Editor.Tests.dll at Library/ScriptAssemblies/Unity.RenderPipelines.Universal.Editor.Tests.dll not valid. Loading of assembly skipped.
Assembly Unity.RenderPipelines.Universal.Runtime.Tests.dll at Library/ScriptAssemblies/Unity.RenderPipelines.Universal.Runtime.Tests.dll not valid. Loading of assembly skipped.
Assembly Unity.Searcher.EditorTests.dll at Library/ScriptAssemblies/Unity.Searcher.EditorTests.dll not valid. Loading of assembly skipped.
Assembly Unity.ShaderGraph.Editor.Tests.dll at Library/ScriptAssemblies/Unity.ShaderGraph.Editor.Tests.dll not valid. Loading of assembly skipped.
Assembly Unity.TextMeshPro.Editor.Tests.dll at Library/ScriptAssemblies/Unity.TextMeshPro.Editor.Tests.dll not valid. Loading of assembly skipped.
Assembly Unity.TextMeshPro.Tests.dll at Library/ScriptAssemblies/Unity.TextMeshPro.Tests.dll not valid. Loading of assembly skipped.
Assembly Unity.UnifiedRayTracing.Editor.Tests.dll at Library/ScriptAssemblies/Unity.UnifiedRayTracing.Editor.Tests.dll not valid. Loading of assembly skipped.
Assembly UnityEditor.UI.Common.Tests.dll at Library/ScriptAssemblies/UnityEditor.UI.Common.Tests.dll not valid. Loading of assembly skipped.
Assembly UnityEditor.UI.EditorTests.dll at Library/ScriptAssemblies/UnityEditor.UI.EditorTests.dll not valid. Loading of assembly skipped.
Assembly UnityEngine.UI.Tests.dll at Library/ScriptAssemblies/UnityEngine.UI.Tests.dll not valid. Loading of assembly skipped.
Refreshing native plugins compatible for Editor in 2.46 ms, found 3 plugins.
Native extension for OSXStandalone target not found
Native extension for WebGL target not found
[Package Manager] Failed to launch server process. Reason: Unity was launched with the -noUpm command-line argument
[Package Manager] Unable to send message (not connected to server process).
[Package Manager] Cannot connect to Unity Package Manager local server
[Package Manager] Failed to launch server process. Reason: Unity was launched with the -noUpm command-line argument
[Package Manager] Unable to send message (not connected to server process).
[Package Manager] Cannot connect to Unity Package Manager local server
ScheduleIndexationOnStartup MainProcess:False IndexOnStartup:True
Mono: successfully reloaded assembly
- Finished resetting the current domain, in  3.879 seconds
Domain Reload Profiling: 7731ms
	BeginReloadAssembly (1194ms)
		DisableScriptedObjects (175ms)
		ReleaseScriptingObjects (3ms)
		CreateAndSetChildDomain (229ms)
	RebuildCommonClasses (72ms)
	RebuildNativeTypeToScriptingClass (18ms)
	initialDomainReloadingComplete (408ms)
	LoadAllAssembliesAndSetupDomain (2156ms)
		LoadAssemblies (1947ms)
		AnalyzeDomain (765ms)
			TypeCache.Refresh (42ms)
			BuildScriptInfoCaches (618ms)
			ResolveRequiredComponents (81ms)
	FinalizeReload (3883ms)
		SetupLoadedEditorAssemblies (0ms)
			InitializePlatformSupportModulesInManaged (11ms)
			BeforeProcessingInitializeOnLoad (940ms)
			ProcessInitializeOnLoadAttributes (1752ms)
			ProcessInitializeOnLoadMethodAttributes (360ms)
			EditorAssembliesLoaded (3ms)
		AwakeInstancesAfterBackupRestoration (147ms)
WARNING: Shader Unsupported: 'Universal Render Pipeline/VR/SpatialMapping/Wireframe' - All subshaders removed
WARNING: Shader Did you use #pragma only_renderers and omit this platform?
WARNING: Shader If subshaders removal was intentional, you may have forgotten turning Fallback off?
Shader Hidden/ChartRasterizerHardware is not supported: GPU does not support conservative rasterization
Unloading 26 Unused Serialized files (Serialized files now loaded: 0)
Unloading 7282 unused Assets / (5.1 MB). Loaded Objects now: 8171.
Memory consumption went from 183.2 MB to 178.1 MB.
Total: 28.712541 ms (FindLiveObjects: 7.763750 ms CreateObjectMapping: 0.878542 ms MarkObjects: 11.865708 ms  DeleteObjects: 8.202000 ms)

Prepare: number of updated asset objects reloaded= 0
EnvironmentDependencyValues requested are different than current active one (requested -> active):
  graphicsApiMask: 2048 -> 67584
========================================================================
Received Import Request.
  Time since last request: 1434.234181 seconds.
  path: Assets/AssetsV2/PokerTableCopilot1x.png
  importAddress: Guid(67a6cc9d75ae14d4088a64ff875cdb93) Importer(2089858483,b0f066a214c2f5e87bad3c948f4d605d)
Start importing Assets/AssetsV2/PokerTableCopilot1x.png using Guid(67a6cc9d75ae14d4088a64ff875cdb93) Importer(2089858483,b0f066a214c2f5e87bad3c948f4d605d) (ScriptedImporter) -> (Import Result ID: 'b4ad707f36b8500a29b2a8fccfc9d3af') in 2.306001541 seconds [static and dynamic dependencies]. Details - ImportResultOutputID=105e98c4a784345471154d8cc5d13dee DependenciesID=4398896ffb8d47109f88aff6e3333531 StaticDependenciesID=df577eb7a142debd6b8a08e46421deb8 
Number of updated asset objects reloaded before import = 0Number of asset objects unloaded after import = 3

========================================================================
Received Import Request.
  Time since last request: 0.000820 seconds.
  path: Assets/Scenes/game.unity
  importAddress: Guid(e4aadcd0be7cf4cc98df6cbd84d80c99) Importer(2089858483,b0f066a214c2f5e87bad3c948f4d605d)
Start importing Assets/Scenes/game.unity using Guid(e4aadcd0be7cf4cc98df6cbd84d80c99) Importer(2089858483,b0f066a214c2f5e87bad3c948f4d605d) (ScriptedImporter) -> (Import Result ID: '01e886de9e64bd8d7bce2068ea949c04') in 0.10327725 seconds [static and dynamic dependencies]. Details - ImportResultOutputID=70821d0e1dbaa27018001302bbeed485 DependenciesID=998dc0290bfe6b154a05b31dc498b1f1 StaticDependenciesID=d8b3fb286aeddbf71d540e534da28531 
Number of updated asset objects reloaded before import = 0Number of asset objects unloaded after import = 1

========================================================================
Received Import Request.
  Time since last request: 77.387834 seconds.
  path: Assets/AssetsV2/Cartoon wooden game assets.png
  importAddress: Guid(152946cc8834744329452ff90f362353) Importer(2089858483,b0f066a214c2f5e87bad3c948f4d605d)
Start importing Assets/AssetsV2/Cartoon wooden game assets.png using Guid(152946cc8834744329452ff90f362353) Importer(2089858483,b0f066a214c2f5e87bad3c948f4d605d) (ScriptedImporter) -> (Import Result ID: '705b66c01c36e650ace8a19091ad36d3') in 0.063009667 seconds [static and dynamic dependencies]. Details - ImportResultOutputID=1197c26a474bd4ee3ebcd2ab709b3373 DependenciesID=da2106a320e87e1fabfbaa8f8d47b637 StaticDependenciesID=91cf22b0f33c40976937b8d84eda0589 
Number of updated asset objects reloaded before import = 0Number of asset objects unloaded after import = 3

========================================================================
Received Import Request.
  Time since last request: 0.274833 seconds.
  path: Assets/AssetsV2/Cartoon wooden game assets.png
  importAddress: Guid(152946cc8834744329452ff90f362353) Importer(815301076,1909f56bfc062723c751e8b465ee728b)
Start importing Assets/AssetsV2/Cartoon wooden game assets.png using Guid(152946cc8834744329452ff90f362353) Importer(815301076,1909f56bfc062723c751e8b465ee728b) (PreviewImporter) -> (Import Result ID: 'adeece8d4b62ec80ff39c6715517a148') in 0.867207208 seconds [static and dynamic dependencies]. Details - ImportResultOutputID=3b80099e89dcd3434b67d1ae12c933d8 DependenciesID=b80796e106fc92e6816f4fb22efc4e3f StaticDependenciesID=f50cb476186ea9778df24de81ca5d7cf 
Number of updated asset objects reloaded before import = 0Number of asset objects unloaded after import = 3

========================================================================
Received Prepare
Begin MonoManager ReloadAssembly
[Licensing::Client] Successfully resolved entitlement details
Assembly Assembly-CSharp-Editor-firstpass.dll at Library/ScriptAssemblies/Assembly-CSharp-Editor-firstpass.dll not valid. Loading of assembly skipped.
Assembly Assembly-CSharp-firstpass.dll at Library/ScriptAssemblies/Assembly-CSharp-firstpass.dll not valid. Loading of assembly skipped.
Assembly DocCodeExamples.dll at Library/ScriptAssemblies/DocCodeExamples.dll not valid. Loading of assembly skipped.
Assembly TestNewCustomAssembly.dll at Library/ScriptAssemblies/TestNewCustomAssembly.dll not valid. Loading of assembly skipped.
Assembly Unity.2D.Animation.EditorTests.dll at Library/ScriptAssemblies/Unity.2D.Animation.EditorTests.dll not valid. Loading of assembly skipped.
Assembly Unity.2D.Aseprite.EditorTests.dll at Library/ScriptAssemblies/Unity.2D.Aseprite.EditorTests.dll not valid. Loading of assembly skipped.
Assembly Unity.2D.Common.EditorTests.dll at Library/ScriptAssemblies/Unity.2D.Common.EditorTests.dll not valid. Loading of assembly skipped.
Assembly Unity.2D.Psdimporter.EditorTests.dll at Library/ScriptAssemblies/Unity.2D.Psdimporter.EditorTests.dll not valid. Loading of assembly skipped.
Assembly Unity.2D.Sprite.Package.EditorTests.dll at Library/ScriptAssemblies/Unity.2D.Sprite.Package.EditorTests.dll not valid. Loading of assembly skipped.
Assembly Unity.2D.SpriteShape.EditorTests.dll at Library/ScriptAssemblies/Unity.2D.SpriteShape.EditorTests.dll not valid. Loading of assembly skipped.
Assembly Unity.2D.Tilemap.Package.EditorTests.dll at Library/ScriptAssemblies/Unity.2D.Tilemap.Package.EditorTests.dll not valid. Loading of assembly skipped.
Assembly Unity.Collections.BurstCompatibilityGen.dll at Library/ScriptAssemblies/Unity.Collections.BurstCompatibilityGen.dll not valid. Loading of assembly skipped.
Assembly Unity.Collections.DocCodeSamples.dll at Library/ScriptAssemblies/Unity.Collections.DocCodeSamples.dll not valid. Loading of assembly skipped.
Assembly Unity.Collections.PerformanceTests.dll at Library/ScriptAssemblies/Unity.Collections.PerformanceTests.dll not valid. Loading of assembly skipped.
Assembly Unity.Collections.Tests.dll at Library/ScriptAssemblies/Unity.Collections.Tests.dll not valid. Loading of assembly skipped.
Assembly Unity.Collections.Tests.Playmode.dll at Library/ScriptAssemblies/Unity.Collections.Tests.Playmode.dll not valid. Loading of assembly skipped.
Assembly Unity.InputSystem.IntegrationTests.dll at Library/ScriptAssemblies/Unity.InputSystem.IntegrationTests.dll not valid. Loading of assembly skipped.
Assembly Unity.Mathematics.Tests.dll at Library/ScriptAssemblies/Unity.Mathematics.Tests.dll not valid. Loading of assembly skipped.
Assembly Unity.Multiplayer.Center.Editor.Tests.dll at Library/ScriptAssemblies/Unity.Multiplayer.Center.Editor.Tests.dll not valid. Loading of assembly skipped.
Assembly Unity.Multiplayer.Center.Tests.dll at Library/ScriptAssemblies/Unity.Multiplayer.Center.Tests.dll not valid. Loading of assembly skipped.
Assembly Unity.Nuget.Mono-Cecil.dll at Library/ScriptAssemblies/Unity.Nuget.Mono-Cecil.dll not valid. Loading of assembly skipped.
Assembly Unity.PathTracing.Editor.Tests.dll at Library/ScriptAssemblies/Unity.PathTracing.Editor.Tests.dll not valid. Loading of assembly skipped.
Assembly Unity.PathTracing.Runtime.Tests.dll at Library/ScriptAssemblies/Unity.PathTracing.Runtime.Tests.dll not valid. Loading of assembly skipped.
Assembly Unity.RenderPipelines.Core.Editor.Tests.dll at Library/ScriptAssemblies/Unity.RenderPipelines.Core.Editor.Tests.dll not valid. Loading of assembly skipped.
Assembly Unity.RenderPipelines.Core.Runtime.Tests.dll at Library/ScriptAssemblies/Unity.RenderPipelines.Core.Runtime.Tests.dll not valid. Loading of assembly skipped.
Assembly Unity.RenderPipelines.Universal.Config.Editor.Tests.dll at Library/ScriptAssemblies/Unity.RenderPipelines.Universal.Config.Editor.Tests.dll not valid. Loading of assembly skipped.
Assembly Unity.RenderPipelines.Universal.Editor.Tests.dll at Library/ScriptAssemblies/Unity.RenderPipelines.Universal.Editor.Tests.dll not valid. Loading of assembly skipped.
Assembly Unity.RenderPipelines.Universal.Runtime.Tests.dll at Library/ScriptAssemblies/Unity.RenderPipelines.Universal.Runtime.Tests.dll not valid. Loading of assembly skipped.
Assembly Unity.Searcher.EditorTests.dll at Library/ScriptAssemblies/Unity.Searcher.EditorTests.dll not valid. Loading of assembly skipped.
Assembly Unity.ShaderGraph.Editor.Tests.dll at Library/ScriptAssemblies/Unity.ShaderGraph.Editor.Tests.dll not valid. Loading of assembly skipped.
Assembly Unity.TextMeshPro.Editor.Tests.dll at Library/ScriptAssemblies/Unity.TextMeshPro.Editor.Tests.dll not valid. Loading of assembly skipped.
Assembly Unity.TextMeshPro.Tests.dll at Library/ScriptAssemblies/Unity.TextMeshPro.Tests.dll not valid. Loading of assembly skipped.
Assembly Unity.UnifiedRayTracing.Editor.Tests.dll at Library/ScriptAssemblies/Unity.UnifiedRayTracing.Editor.Tests.dll not valid. Loading of assembly skipped.
Assembly UnityEditor.UI.Common.Tests.dll at Library/ScriptAssemblies/UnityEditor.UI.Common.Tests.dll not valid. Loading of assembly skipped.
Assembly UnityEditor.UI.EditorTests.dll at Library/ScriptAssemblies/UnityEditor.UI.EditorTests.dll not valid. Loading of assembly skipped.
Assembly UnityEngine.UI.Tests.dll at Library/ScriptAssemblies/UnityEngine.UI.Tests.dll not valid. Loading of assembly skipped.
Refreshing native plugins compatible for Editor in 3.02 ms, found 3 plugins.
Native extension for OSXStandalone target not found
Native extension for WebGL target not found
[Package Manager] Failed to launch server process. Reason: Unity was launched with the -noUpm command-line argument
[Package Manager] Unable to send message (not connected to server process).
[Package Manager] Cannot connect to Unity Package Manager local server
[Package Manager] Failed to launch server process. Reason: Unity was launched with the -noUpm command-line argument
[Package Manager] Unable to send message (not connected to server process).
[Package Manager] Cannot connect to Unity Package Manager local server
ScheduleIndexationOnStartup MainProcess:False IndexOnStartup:True
Mono: successfully reloaded assembly
- Finished resetting the current domain, in  4.091 seconds
Domain Reload Profiling: 10797ms
	BeginReloadAssembly (3829ms)
		ExecutionOrderSort (7ms)
		DisableScriptedObjects (641ms)
		ReleaseScriptingObjects (9ms)
		CreateAndSetChildDomain (1235ms)
	RebuildCommonClasses (91ms)
	RebuildNativeTypeToScriptingClass (22ms)
	initialDomainReloadingComplete (501ms)
	LoadAllAssembliesAndSetupDomain (2261ms)
		LoadAssemblies (2531ms)
		AnalyzeDomain (761ms)
			TypeCache.Refresh (98ms)
				TypeCache.ScanAssembly (4ms)
			BuildScriptInfoCaches (588ms)
			ResolveRequiredComponents (65ms)
	FinalizeReload (4093ms)
		SetupLoadedEditorAssemblies (0ms)
			InitializePlatformSupportModulesInManaged (10ms)
			BeforeProcessingInitializeOnLoad (963ms)
			ProcessInitializeOnLoadAttributes (2022ms)
			ProcessInitializeOnLoadMethodAttributes (348ms)
		AwakeInstancesAfterBackupRestoration (114ms)
WARNING: Shader Unsupported: 'Universal Render Pipeline/VR/SpatialMapping/Wireframe' - All subshaders removed
WARNING: Shader Did you use #pragma only_renderers and omit this platform?
WARNING: Shader If subshaders removal was intentional, you may have forgotten turning Fallback off?
Shader Hidden/ChartRasterizerHardware is not supported: GPU does not support conservative rasterization
Unloading 26 Unused Serialized files (Serialized files now loaded: 0)
Unloading 7282 unused Assets / (5.8 MB). Loaded Objects now: 8177.
Memory consumption went from 185.2 MB to 179.4 MB.
Total: 28.158041 ms (FindLiveObjects: 6.273458 ms CreateObjectMapping: 1.397333 ms MarkObjects: 10.710042 ms  DeleteObjects: 9.774625 ms)

Prepare: number of updated asset objects reloaded= 0
EnvironmentDependencyValues requested are different than current active one (requested -> active):
  graphicsApiMask: 2048 -> 67584
========================================================================
Received Import Request.
  Time since last request: 126.057885 seconds.
  path: Assets/Scenes/game.unity
  importAddress: Guid(e4aadcd0be7cf4cc98df6cbd84d80c99) Importer(815301076,1909f56bfc062723c751e8b465ee728b)
Start importing Assets/Scenes/game.unity using Guid(e4aadcd0be7cf4cc98df6cbd84d80c99) Importer(815301076,1909f56bfc062723c751e8b465ee728b) (PreviewImporter) -> (Import Result ID: '00000000000000000000000000000000') in 0.030161667 seconds
Import Error Code:(4)
Message: Build asset version error: assets/scenes/game.unity in SourceAssetDB has modification time of '2026-06-29T09:50:37Z' while content on disk has modification time of '2026-06-29T10:13:35Z'
  ERROR: Build asset version error: assets/scenes/game.unity in SourceAssetDB has modification time of '2026-06-29T09:50:37Z' while content on disk has modification time of '2026-06-29T10:13:35Z'
Number of updated asset objects reloaded before import = 0Number of asset objects unloaded after import = 0

========================================================================
Received Import Request.
  Time since last request: 0.000193 seconds.
  path: Assets/Scenes/game.unity
  importAddress: Guid(e4aadcd0be7cf4cc98df6cbd84d80c99) Importer(815301076,1909f56bfc062723c751e8b465ee728b)
Start importing Assets/Scenes/game.unity using Guid(e4aadcd0be7cf4cc98df6cbd84d80c99) Importer(815301076,1909f56bfc062723c751e8b465ee728b) (PreviewImporter) -> (Import Result ID: '00000000000000000000000000000000') in 0.000680542 seconds
Import Error Code:(4)
Message: Build asset version error: assets/scenes/game.unity in SourceAssetDB has modification time of '2026-06-29T09:50:37Z' while content on disk has modification time of '2026-06-29T10:13:35Z'
  ERROR: Build asset version error: assets/scenes/game.unity in SourceAssetDB has modification time of '2026-06-29T09:50:37Z' while content on disk has modification time of '2026-06-29T10:13:35Z'
Number of updated asset objects reloaded before import = 0Number of asset objects unloaded after import = 0

========================================================================
Received Import Request.
  Time since last request: 4.502749 seconds.
  path: Assets/Scenes/game.unity
  importAddress: Guid(e4aadcd0be7cf4cc98df6cbd84d80c99) Importer(815301076,1909f56bfc062723c751e8b465ee728b)
Start importing Assets/Scenes/game.unity using Guid(e4aadcd0be7cf4cc98df6cbd84d80c99) Importer(815301076,1909f56bfc062723c751e8b465ee728b) (PreviewImporter) -> (Import Result ID: '00000000000000000000000000000000') in 0.005731709 seconds
Import Error Code:(4)
Message: Build asset version error: assets/scenes/game.unity in SourceAssetDB has modification time of '2026-06-29T09:50:37Z' while content on disk has modification time of '2026-06-29T10:13:35Z'
  ERROR: Build asset version error: assets/scenes/game.unity in SourceAssetDB has modification time of '2026-06-29T09:50:37Z' while content on disk has modification time of '2026-06-29T10:13:35Z'
Number of updated asset objects reloaded before import = 0Number of asset objects unloaded after import = 0

========================================================================
Received Import Request.
  Time since last request: 0.004169 seconds.
  path: Assets/Scenes/game.unity
  importAddress: Guid(e4aadcd0be7cf4cc98df6cbd84d80c99) Importer(815301076,1909f56bfc062723c751e8b465ee728b)
Start importing Assets/Scenes/game.unity using Guid(e4aadcd0be7cf4cc98df6cbd84d80c99) Importer(815301076,1909f56bfc062723c751e8b465ee728b) (PreviewImporter) -> (Import Result ID: '00000000000000000000000000000000') in 0.002720916 seconds
Import Error Code:(4)
Message: Build asset version error: assets/scenes/game.unity in SourceAssetDB has modification time of '2026-06-29T09:50:37Z' while content on disk has modification time of '2026-06-29T10:13:35Z'
  ERROR: Build asset version error: assets/scenes/game.unity in SourceAssetDB has modification time of '2026-06-29T09:50:37Z' while content on disk has modification time of '2026-06-29T10:13:35Z'
Number of updated asset objects reloaded before import = 0Number of asset objects unloaded after import = 0

========================================================================
Received Import Request.
  Time since last request: 0.381747 seconds.
  path: Assets/Scenes/game.unity
  importAddress: Guid(e4aadcd0be7cf4cc98df6cbd84d80c99) Importer(815301076,1909f56bfc062723c751e8b465ee728b)
Start importing Assets/Scenes/game.unity using Guid(e4aadcd0be7cf4cc98df6cbd84d80c99) Importer(815301076,1909f56bfc062723c751e8b465ee728b) (PreviewImporter) -> (Import Result ID: '00000000000000000000000000000000') in 0.001075125 seconds
Import Error Code:(4)
Message: Build asset version error: assets/scenes/game.unity in SourceAssetDB has modification time of '2026-06-29T09:50:37Z' while content on disk has modification time of '2026-06-29T10:13:35Z'
  ERROR: Build asset version error: assets/scenes/game.unity in SourceAssetDB has modification time of '2026-06-29T09:50:37Z' while content on disk has modification time of '2026-06-29T10:13:35Z'
Number of updated asset objects reloaded before import = 0Number of asset objects unloaded after import = 0

========================================================================
Received Import Request.
  Time since last request: 0.000070 seconds.
  path: Assets/Scenes/game.unity
  importAddress: Guid(e4aadcd0be7cf4cc98df6cbd84d80c99) Importer(815301076,1909f56bfc062723c751e8b465ee728b)
Start importing Assets/Scenes/game.unity using Guid(e4aadcd0be7cf4cc98df6cbd84d80c99) Importer(815301076,1909f56bfc062723c751e8b465ee728b) (PreviewImporter) -> (Import Result ID: '00000000000000000000000000000000') in 0.000797458 seconds
Import Error Code:(4)
Message: Build asset version error: assets/scenes/game.unity in SourceAssetDB has modification time of '2026-06-29T09:50:37Z' while content on disk has modification time of '2026-06-29T10:13:35Z'
  ERROR: Build asset version error: assets/scenes/game.unity in SourceAssetDB has modification time of '2026-06-29T09:50:37Z' while content on disk has modification time of '2026-06-29T10:13:35Z'
Number of updated asset objects reloaded before import = 0Number of asset objects unloaded after import = 0

========================================================================
Received Import Request.
  Time since last request: 0.000074 seconds.
  path: Assets/Scenes/game.unity
  importAddress: Guid(e4aadcd0be7cf4cc98df6cbd84d80c99) Importer(815301076,1909f56bfc062723c751e8b465ee728b)
Start importing Assets/Scenes/game.unity using Guid(e4aadcd0be7cf4cc98df6cbd84d80c99) Importer(815301076,1909f56bfc062723c751e8b465ee728b) (PreviewImporter) -> (Import Result ID: '00000000000000000000000000000000') in 0.000721917 seconds
Import Error Code:(4)
Message: Build asset version error: assets/scenes/game.unity in SourceAssetDB has modification time of '2026-06-29T09:50:37Z' while content on disk has modification time of '2026-06-29T10:13:35Z'
  ERROR: Build asset version error: assets/scenes/game.unity in SourceAssetDB has modification time of '2026-06-29T09:50:37Z' while content on disk has modification time of '2026-06-29T10:13:35Z'
Number of updated asset objects reloaded before import = 0Number of asset objects unloaded after import = 0

========================================================================
Received Import Request.
  Time since last request: 0.000066 seconds.
  path: Assets/Scenes/game.unity
  importAddress: Guid(e4aadcd0be7cf4cc98df6cbd84d80c99) Importer(815301076,1909f56bfc062723c751e8b465ee728b)
Start importing Assets/Scenes/game.unity using Guid(e4aadcd0be7cf4cc98df6cbd84d80c99) Importer(815301076,1909f56bfc062723c751e8b465ee728b) (PreviewImporter) -> (Import Result ID: '00000000000000000000000000000000') in 0.000627 seconds
Import Error Code:(4)
Message: Build asset version error: assets/scenes/game.unity in SourceAssetDB has modification time of '2026-06-29T09:50:37Z' while content on disk has modification time of '2026-06-29T10:13:35Z'
  ERROR: Build asset version error: assets/scenes/game.unity in SourceAssetDB has modification time of '2026-06-29T09:50:37Z' while content on disk has modification time of '2026-06-29T10:13:35Z'
Number of updated asset objects reloaded before import = 0Number of asset objects unloaded after import = 0

========================================================================
Received Import Request.
  Time since last request: 0.000058 seconds.
  path: Assets/Scenes/game.unity
  importAddress: Guid(e4aadcd0be7cf4cc98df6cbd84d80c99) Importer(815301076,1909f56bfc062723c751e8b465ee728b)
Start importing Assets/Scenes/game.unity using Guid(e4aadcd0be7cf4cc98df6cbd84d80c99) Importer(815301076,1909f56bfc062723c751e8b465ee728b) (PreviewImporter) -> (Import Result ID: '00000000000000000000000000000000') in 0.00077075 seconds
Import Error Code:(4)
Message: Build asset version error: assets/scenes/game.unity in SourceAssetDB has modification time of '2026-06-29T09:50:37Z' while content on disk has modification time of '2026-06-29T10:13:35Z'
  ERROR: Build asset version error: assets/scenes/game.unity in SourceAssetDB has modification time of '2026-06-29T09:50:37Z' while content on disk has modification time of '2026-06-29T10:13:35Z'
Number of updated asset objects reloaded before import = 0Number of asset objects unloaded after import = 0

========================================================================
Received Import Request.
  Time since last request: 0.000052 seconds.
  path: Assets/Scenes/game.unity
  importAddress: Guid(e4aadcd0be7cf4cc98df6cbd84d80c99) Importer(815301076,1909f56bfc062723c751e8b465ee728b)
Start importing Assets/Scenes/game.unity using Guid(e4aadcd0be7cf4cc98df6cbd84d80c99) Importer(815301076,1909f56bfc062723c751e8b465ee728b) (PreviewImporter) -> (Import Result ID: '00000000000000000000000000000000') in 0.000500375 seconds
Import Error Code:(4)
Message: Build asset version error: assets/scenes/game.unity in SourceAssetDB has modification time of '2026-06-29T09:50:37Z' while content on disk has modification time of '2026-06-29T10:13:35Z'
  ERROR: Build asset version error: assets/scenes/game.unity in SourceAssetDB has modification time of '2026-06-29T09:50:37Z' while content on disk has modification time of '2026-06-29T10:13:35Z'
Number of updated asset objects reloaded before import = 0Number of asset objects unloaded after import = 0

========================================================================
Received Import Request.
  Time since last request: 0.000057 seconds.
  path: Assets/Scenes/game.unity
  importAddress: Guid(e4aadcd0be7cf4cc98df6cbd84d80c99) Importer(815301076,1909f56bfc062723c751e8b465ee728b)
Start importing Assets/Scenes/game.unity using Guid(e4aadcd0be7cf4cc98df6cbd84d80c99) Importer(815301076,1909f56bfc062723c751e8b465ee728b) (PreviewImporter) -> (Import Result ID: '00000000000000000000000000000000') in 0.0007675 seconds
Import Error Code:(4)
Message: Build asset version error: assets/scenes/game.unity in SourceAssetDB has modification time of '2026-06-29T09:50:37Z' while content on disk has modification time of '2026-06-29T10:13:35Z'
  ERROR: Build asset version error: assets/scenes/game.unity in SourceAssetDB has modification time of '2026-06-29T09:50:37Z' while content on disk has modification time of '2026-06-29T10:13:35Z'
Number of updated asset objects reloaded before import = 0Number of asset objects unloaded after import = 0

========================================================================
Received Import Request.
  Time since last request: 0.000061 seconds.
  path: Assets/Scenes/game.unity
  importAddress: Guid(e4aadcd0be7cf4cc98df6cbd84d80c99) Importer(815301076,1909f56bfc062723c751e8b465ee728b)
Start importing Assets/Scenes/game.unity using Guid(e4aadcd0be7cf4cc98df6cbd84d80c99) Importer(815301076,1909f56bfc062723c751e8b465ee728b) (PreviewImporter) -> (Import Result ID: '00000000000000000000000000000000') in 0.000590583 seconds
Import Error Code:(4)
Message: Build asset version error: assets/scenes/game.unity in SourceAssetDB has modification time of '2026-06-29T09:50:37Z' while content on disk has modification time of '2026-06-29T10:13:35Z'
  ERROR: Build asset version error: assets/scenes/game.unity in SourceAssetDB has modification time of '2026-06-29T09:50:37Z' while content on disk has modification time of '2026-06-29T10:13:35Z'
Number of updated asset objects reloaded before import = 0Number of asset objects unloaded after import = 0

========================================================================
Received Import Request.
  Time since last request: 0.000047 seconds.
  path: Assets/Scenes/game.unity
  importAddress: Guid(e4aadcd0be7cf4cc98df6cbd84d80c99) Importer(815301076,1909f56bfc062723c751e8b465ee728b)
Start importing Assets/Scenes/game.unity using Guid(e4aadcd0be7cf4cc98df6cbd84d80c99) Importer(815301076,1909f56bfc062723c751e8b465ee728b) (PreviewImporter) -> (Import Result ID: '00000000000000000000000000000000') in 0.000504333 seconds
Import Error Code:(4)
Message: Build asset version error: assets/scenes/game.unity in SourceAssetDB has modification time of '2026-06-29T09:50:37Z' while content on disk has modification time of '2026-06-29T10:13:35Z'
  ERROR: Build asset version error: assets/scenes/game.unity in SourceAssetDB has modification time of '2026-06-29T09:50:37Z' while content on disk has modification time of '2026-06-29T10:13:35Z'
Number of updated asset objects reloaded before import = 0Number of asset objects unloaded after import = 0

========================================================================
Received Import Request.
  Time since last request: 0.000067 seconds.
  path: Assets/Scenes/game.unity
  importAddress: Guid(e4aadcd0be7cf4cc98df6cbd84d80c99) Importer(815301076,1909f56bfc062723c751e8b465ee728b)
Start importing Assets/Scenes/game.unity using Guid(e4aadcd0be7cf4cc98df6cbd84d80c99) Importer(815301076,1909f56bfc062723c751e8b465ee728b) (PreviewImporter) -> (Import Result ID: '00000000000000000000000000000000') in 0.000498666 seconds
Import Error Code:(4)
Message: Build asset version error: assets/scenes/game.unity in SourceAssetDB has modification time of '2026-06-29T09:50:37Z' while content on disk has modification time of '2026-06-29T10:13:35Z'
  ERROR: Build asset version error: assets/scenes/game.unity in SourceAssetDB has modification time of '2026-06-29T09:50:37Z' while content on disk has modification time of '2026-06-29T10:13:35Z'
Number of updated asset objects reloaded before import = 0Number of asset objects unloaded after import = 0

========================================================================
Received Import Request.
  Time since last request: 0.000067 seconds.
  path: Assets/Scenes/game.unity
  importAddress: Guid(e4aadcd0be7cf4cc98df6cbd84d80c99) Importer(815301076,1909f56bfc062723c751e8b465ee728b)
Start importing Assets/Scenes/game.unity using Guid(e4aadcd0be7cf4cc98df6cbd84d80c99) Importer(815301076,1909f56bfc062723c751e8b465ee728b) (PreviewImporter) -> (Import Result ID: '00000000000000000000000000000000') in 0.0004965 seconds
Import Error Code:(4)
Message: Build asset version error: assets/scenes/game.unity in SourceAssetDB has modification time of '2026-06-29T09:50:37Z' while content on disk has modification time of '2026-06-29T10:13:35Z'
  ERROR: Build asset version error: assets/scenes/game.unity in SourceAssetDB has modification time of '2026-06-29T09:50:37Z' while content on disk has modification time of '2026-06-29T10:13:35Z'
Number of updated asset objects reloaded before import = 0Number of asset objects unloaded after import = 0

========================================================================
Received Import Request.
  Time since last request: 0.000079 seconds.
  path: Assets/Scenes/game.unity
  importAddress: Guid(e4aadcd0be7cf4cc98df6cbd84d80c99) Importer(815301076,1909f56bfc062723c751e8b465ee728b)
Start importing Assets/Scenes/game.unity using Guid(e4aadcd0be7cf4cc98df6cbd84d80c99) Importer(815301076,1909f56bfc062723c751e8b465ee728b) (PreviewImporter) -> (Import Result ID: '00000000000000000000000000000000') in 0.000513167 seconds
Import Error Code:(4)
Message: Build asset version error: assets/scenes/game.unity in SourceAssetDB has modification time of '2026-06-29T09:50:37Z' while content on disk has modification time of '2026-06-29T10:13:35Z'
  ERROR: Build asset version error: assets/scenes/game.unity in SourceAssetDB has modification time of '2026-06-29T09:50:37Z' while content on disk has modification time of '2026-06-29T10:13:35Z'
Number of updated asset objects reloaded before import = 0Number of asset objects unloaded after import = 0

========================================================================
Received Import Request.
  Time since last request: 0.000104 seconds.
  path: Assets/Scenes/game.unity
  importAddress: Guid(e4aadcd0be7cf4cc98df6cbd84d80c99) Importer(815301076,1909f56bfc062723c751e8b465ee728b)
Start importing Assets/Scenes/game.unity using Guid(e4aadcd0be7cf4cc98df6cbd84d80c99) Importer(815301076,1909f56bfc062723c751e8b465ee728b) (PreviewImporter) -> (Import Result ID: '00000000000000000000000000000000') in 0.0004485 seconds
Import Error Code:(4)
Message: Build asset version error: assets/scenes/game.unity in SourceAssetDB has modification time of '2026-06-29T09:50:37Z' while content on disk has modification time of '2026-06-29T10:13:35Z'
  ERROR: Build asset version error: assets/scenes/game.unity in SourceAssetDB has modification time of '2026-06-29T09:50:37Z' while content on disk has modification time of '2026-06-29T10:13:35Z'
Number of updated asset objects reloaded before import = 0Number of asset objects unloaded after import = 0

========================================================================
Received Import Request.
  Time since last request: 0.000066 seconds.
  path: Assets/Scenes/game.unity
  importAddress: Guid(e4aadcd0be7cf4cc98df6cbd84d80c99) Importer(815301076,1909f56bfc062723c751e8b465ee728b)
Start importing Assets/Scenes/game.unity using Guid(e4aadcd0be7cf4cc98df6cbd84d80c99) Importer(815301076,1909f56bfc062723c751e8b465ee728b) (PreviewImporter) -> (Import Result ID: '00000000000000000000000000000000') in 0.000499083 seconds
Import Error Code:(4)
Message: Build asset version error: assets/scenes/game.unity in SourceAssetDB has modification time of '2026-06-29T09:50:37Z' while content on disk has modification time of '2026-06-29T10:13:35Z'
  ERROR: Build asset version error: assets/scenes/game.unity in SourceAssetDB has modification time of '2026-06-29T09:50:37Z' while content on disk has modification time of '2026-06-29T10:13:35Z'
Number of updated asset objects reloaded before import = 0Number of asset objects unloaded after import = 0

========================================================================
Received Import Request.
  Time since last request: 0.000068 seconds.
  path: Assets/Scenes/game.unity
  importAddress: Guid(e4aadcd0be7cf4cc98df6cbd84d80c99) Importer(815301076,1909f56bfc062723c751e8b465ee728b)
Start importing Assets/Scenes/game.unity using Guid(e4aadcd0be7cf4cc98df6cbd84d80c99) Importer(815301076,1909f56bfc062723c751e8b465ee728b) (PreviewImporter) -> (Import Result ID: '00000000000000000000000000000000') in 0.000495125 seconds
Import Error Code:(4)
Message: Build asset version error: assets/scenes/game.unity in SourceAssetDB has modification time of '2026-06-29T09:50:37Z' while content on disk has modification time of '2026-06-29T10:13:35Z'
  ERROR: Build asset version error: assets/scenes/game.unity in SourceAssetDB has modification time of '2026-06-29T09:50:37Z' while content on disk has modification time of '2026-06-29T10:13:35Z'
Number of updated asset objects reloaded before import = 0Number of asset objects unloaded after import = 0

========================================================================
Received Import Request.
  Time since last request: 0.000050 seconds.
  path: Assets/Scenes/game.unity
  importAddress: Guid(e4aadcd0be7cf4cc98df6cbd84d80c99) Importer(815301076,1909f56bfc062723c751e8b465ee728b)
Start importing Assets/Scenes/game.unity using Guid(e4aadcd0be7cf4cc98df6cbd84d80c99) Importer(815301076,1909f56bfc062723c751e8b465ee728b) (PreviewImporter) -> (Import Result ID: '00000000000000000000000000000000') in 0.000482834 seconds
Import Error Code:(4)
Message: Build asset version error: assets/scenes/game.unity in SourceAssetDB has modification time of '2026-06-29T09:50:37Z' while content on disk has modification time of '2026-06-29T10:13:35Z'
  ERROR: Build asset version error: assets/scenes/game.unity in SourceAssetDB has modification time of '2026-06-29T09:50:37Z' while content on disk has modification time of '2026-06-29T10:13:35Z'
Number of updated asset objects reloaded before import = 0Number of asset objects unloaded after import = 0

========================================================================
Received Import Request.
  Time since last request: 0.000090 seconds.
  path: Assets/Scenes/game.unity
  importAddress: Guid(e4aadcd0be7cf4cc98df6cbd84d80c99) Importer(815301076,1909f56bfc062723c751e8b465ee728b)
Start importing Assets/Scenes/game.unity using Guid(e4aadcd0be7cf4cc98df6cbd84d80c99) Importer(815301076,1909f56bfc062723c751e8b465ee728b) (PreviewImporter) -> (Import Result ID: '00000000000000000000000000000000') in 0.000543958 seconds
Import Error Code:(4)
Message: Build asset version error: assets/scenes/game.unity in SourceAssetDB has modification time of '2026-06-29T09:50:37Z' while content on disk has modification time of '2026-06-29T10:13:35Z'
  ERROR: Build asset version error: assets/scenes/game.unity in SourceAssetDB has modification time of '2026-06-29T09:50:37Z' while content on disk has modification time of '2026-06-29T10:13:35Z'
Number of updated asset objects reloaded before import = 0Number of asset objects unloaded after import = 0

========================================================================
Received Import Request.
  Time since last request: 0.000064 seconds.
  path: Assets/Scenes/game.unity
  importAddress: Guid(e4aadcd0be7cf4cc98df6cbd84d80c99) Importer(815301076,1909f56bfc062723c751e8b465ee728b)
Start importing Assets/Scenes/game.unity using Guid(e4aadcd0be7cf4cc98df6cbd84d80c99) Importer(815301076,1909f56bfc062723c751e8b465ee728b) (PreviewImporter) -> (Import Result ID: '00000000000000000000000000000000') in 0.000473791 seconds
Import Error Code:(4)
Message: Build asset version error: assets/scenes/game.unity in SourceAssetDB has modification time of '2026-06-29T09:50:37Z' while content on disk has modification time of '2026-06-29T10:13:35Z'
  ERROR: Build asset version error: assets/scenes/game.unity in SourceAssetDB has modification time of '2026-06-29T09:50:37Z' while content on disk has modification time of '2026-06-29T10:13:35Z'
Number of updated asset objects reloaded before import = 0Number of asset objects unloaded after import = 0

========================================================================
Received Import Request.
  Time since last request: 0.000053 seconds.
  path: Assets/Scenes/game.unity
  importAddress: Guid(e4aadcd0be7cf4cc98df6cbd84d80c99) Importer(815301076,1909f56bfc062723c751e8b465ee728b)
Start importing Assets/Scenes/game.unity using Guid(e4aadcd0be7cf4cc98df6cbd84d80c99) Importer(815301076,1909f56bfc062723c751e8b465ee728b) (PreviewImporter) -> (Import Result ID: '00000000000000000000000000000000') in 0.000555042 seconds
Import Error Code:(4)
Message: Build asset version error: assets/scenes/game.unity in SourceAssetDB has modification time of '2026-06-29T09:50:37Z' while content on disk has modification time of '2026-06-29T10:13:35Z'
  ERROR: Build asset version error: assets/scenes/game.unity in SourceAssetDB has modification time of '2026-06-29T09:50:37Z' while content on disk has modification time of '2026-06-29T10:13:35Z'
Number of updated asset objects reloaded before import = 0Number of asset objects unloaded after import = 0

========================================================================
Received Import Request.
  Time since last request: 0.000066 seconds.
  path: Assets/Scenes/game.unity
  importAddress: Guid(e4aadcd0be7cf4cc98df6cbd84d80c99) Importer(815301076,1909f56bfc062723c751e8b465ee728b)
Start importing Assets/Scenes/game.unity using Guid(e4aadcd0be7cf4cc98df6cbd84d80c99) Importer(815301076,1909f56bfc062723c751e8b465ee728b) (PreviewImporter) -> (Import Result ID: '00000000000000000000000000000000') in 0.000516333 seconds
Import Error Code:(4)
Message: Build asset version error: assets/scenes/game.unity in SourceAssetDB has modification time of '2026-06-29T09:50:37Z' while content on disk has modification time of '2026-06-29T10:13:35Z'
  ERROR: Build asset version error: assets/scenes/game.unity in SourceAssetDB has modification time of '2026-06-29T09:50:37Z' while content on disk has modification time of '2026-06-29T10:13:35Z'
Number of updated asset objects reloaded before import = 0Number of asset objects unloaded after import = 0

========================================================================
Received Import Request.
  Time since last request: 0.000069 seconds.
  path: Assets/Scenes/game.unity
  importAddress: Guid(e4aadcd0be7cf4cc98df6cbd84d80c99) Importer(815301076,1909f56bfc062723c751e8b465ee728b)
Start importing Assets/Scenes/game.unity using Guid(e4aadcd0be7cf4cc98df6cbd84d80c99) Importer(815301076,1909f56bfc062723c751e8b465ee728b) (PreviewImporter) -> (Import Result ID: '00000000000000000000000000000000') in 0.000502416 seconds
Import Error Code:(4)
Message: Build asset version error: assets/scenes/game.unity in SourceAssetDB has modification time of '2026-06-29T09:50:37Z' while content on disk has modification time of '2026-06-29T10:13:35Z'
  ERROR: Build asset version error: assets/scenes/game.unity in SourceAssetDB has modification time of '2026-06-29T09:50:37Z' while content on disk has modification time of '2026-06-29T10:13:35Z'
Number of updated asset objects reloaded before import = 0Number of asset objects unloaded after import = 0

========================================================================
Received Import Request.
  Time since last request: 0.000066 seconds.
  path: Assets/Scenes/game.unity
  importAddress: Guid(e4aadcd0be7cf4cc98df6cbd84d80c99) Importer(815301076,1909f56bfc062723c751e8b465ee728b)
Start importing Assets/Scenes/game.unity using Guid(e4aadcd0be7cf4cc98df6cbd84d80c99) Importer(815301076,1909f56bfc062723c751e8b465ee728b) (PreviewImporter) -> (Import Result ID: '00000000000000000000000000000000') in 0.000453791 seconds
Import Error Code:(4)
Message: Build asset version error: assets/scenes/game.unity in SourceAssetDB has modification time of '2026-06-29T09:50:37Z' while content on disk has modification time of '2026-06-29T10:13:35Z'
  ERROR: Build asset version error: assets/scenes/game.unity in SourceAssetDB has modification time of '2026-06-29T09:50:37Z' while content on disk has modification time of '2026-06-29T10:13:35Z'
Number of updated asset objects reloaded before import = 0Number of asset objects unloaded after import = 0

========================================================================
Received Import Request.
  Time since last request: 0.000071 seconds.
  path: Assets/Scenes/game.unity
  importAddress: Guid(e4aadcd0be7cf4cc98df6cbd84d80c99) Importer(815301076,1909f56bfc062723c751e8b465ee728b)
Start importing Assets/Scenes/game.unity using Guid(e4aadcd0be7cf4cc98df6cbd84d80c99) Importer(815301076,1909f56bfc062723c751e8b465ee728b) (PreviewImporter) -> (Import Result ID: '00000000000000000000000000000000') in 0.000482416 seconds
Import Error Code:(4)
Message: Build asset version error: assets/scenes/game.unity in SourceAssetDB has modification time of '2026-06-29T09:50:37Z' while content on disk has modification time of '2026-06-29T10:13:35Z'
  ERROR: Build asset version error: assets/scenes/game.unity in SourceAssetDB has modification time of '2026-06-29T09:50:37Z' while content on disk has modification time of '2026-06-29T10:13:35Z'
Number of updated asset objects reloaded before import = 0Number of asset objects unloaded after import = 0

========================================================================
Received Import Request.
  Time since last request: 0.000062 seconds.
  path: Assets/Scenes/game.unity
  importAddress: Guid(e4aadcd0be7cf4cc98df6cbd84d80c99) Importer(815301076,1909f56bfc062723c751e8b465ee728b)
Start importing Assets/Scenes/game.unity using Guid(e4aadcd0be7cf4cc98df6cbd84d80c99) Importer(815301076,1909f56bfc062723c751e8b465ee728b) (PreviewImporter) -> (Import Result ID: '00000000000000000000000000000000') in 0.000496 seconds
Import Error Code:(4)
Message: Build asset version error: assets/scenes/game.unity in SourceAssetDB has modification time of '2026-06-29T09:50:37Z' while content on disk has modification time of '2026-06-29T10:13:35Z'
  ERROR: Build asset version error: assets/scenes/game.unity in SourceAssetDB has modification time of '2026-06-29T09:50:37Z' while content on disk has modification time of '2026-06-29T10:13:35Z'
Number of updated asset objects reloaded before import = 0Number of asset objects unloaded after import = 0

========================================================================
Received Import Request.
  Time since last request: 0.000101 seconds.
  path: Assets/Scenes/game.unity
  importAddress: Guid(e4aadcd0be7cf4cc98df6cbd84d80c99) Importer(815301076,1909f56bfc062723c751e8b465ee728b)
Start importing Assets/Scenes/game.unity using Guid(e4aadcd0be7cf4cc98df6cbd84d80c99) Importer(815301076,1909f56bfc062723c751e8b465ee728b) (PreviewImporter) -> (Import Result ID: '00000000000000000000000000000000') in 0.000501125 seconds
Import Error Code:(4)
Message: Build asset version error: assets/scenes/game.unity in SourceAssetDB has modification time of '2026-06-29T09:50:37Z' while content on disk has modification time of '2026-06-29T10:13:35Z'
  ERROR: Build asset version error: assets/scenes/game.unity in SourceAssetDB has modification time of '2026-06-29T09:50:37Z' while content on disk has modification time of '2026-06-29T10:13:35Z'
Number of updated asset objects reloaded before import = 0Number of asset objects unloaded after import = 0

========================================================================
Received Import Request.
  Time since last request: 0.000069 seconds.
  path: Assets/Scenes/game.unity
  importAddress: Guid(e4aadcd0be7cf4cc98df6cbd84d80c99) Importer(815301076,1909f56bfc062723c751e8b465ee728b)
Start importing Assets/Scenes/game.unity using Guid(e4aadcd0be7cf4cc98df6cbd84d80c99) Importer(815301076,1909f56bfc062723c751e8b465ee728b) (PreviewImporter) -> (Import Result ID: '00000000000000000000000000000000') in 0.000593167 seconds
Import Error Code:(4)
Message: Build asset version error: assets/scenes/game.unity in SourceAssetDB has modification time of '2026-06-29T09:50:37Z' while content on disk has modification time of '2026-06-29T10:13:35Z'
  ERROR: Build asset version error: assets/scenes/game.unity in SourceAssetDB has modification time of '2026-06-29T09:50:37Z' while content on disk has modification time of '2026-06-29T10:13:35Z'
Number of updated asset objects reloaded before import = 0Number of asset objects unloaded after import = 0

========================================================================
Received Import Request.
  Time since last request: 0.000071 seconds.
  path: Assets/Scenes/game.unity
  importAddress: Guid(e4aadcd0be7cf4cc98df6cbd84d80c99) Importer(815301076,1909f56bfc062723c751e8b465ee728b)
Start importing Assets/Scenes/game.unity using Guid(e4aadcd0be7cf4cc98df6cbd84d80c99) Importer(815301076,1909f56bfc062723c751e8b465ee728b) (PreviewImporter) -> (Import Result ID: '00000000000000000000000000000000') in 0.000532375 seconds
Import Error Code:(4)
Message: Build asset version error: assets/scenes/game.unity in SourceAssetDB has modification time of '2026-06-29T09:50:37Z' while content on disk has modification time of '2026-06-29T10:13:35Z'
  ERROR: Build asset version error: assets/scenes/game.unity in SourceAssetDB has modification time of '2026-06-29T09:50:37Z' while content on disk has modification time of '2026-06-29T10:13:35Z'
Number of updated asset objects reloaded before import = 0Number of asset objects unloaded after import = 0

========================================================================
Received Import Request.
  Time since last request: 0.000065 seconds.
  path: Assets/Scenes/game.unity
  importAddress: Guid(e4aadcd0be7cf4cc98df6cbd84d80c99) Importer(815301076,1909f56bfc062723c751e8b465ee728b)
Start importing Assets/Scenes/game.unity using Guid(e4aadcd0be7cf4cc98df6cbd84d80c99) Importer(815301076,1909f56bfc062723c751e8b465ee728b) (PreviewImporter) -> (Import Result ID: '00000000000000000000000000000000') in 0.000479125 seconds
Import Error Code:(4)
Message: Build asset version error: assets/scenes/game.unity in SourceAssetDB has modification time of '2026-06-29T09:50:37Z' while content on disk has modification time of '2026-06-29T10:13:35Z'
  ERROR: Build asset version error: assets/scenes/game.unity in SourceAssetDB has modification time of '2026-06-29T09:50:37Z' while content on disk has modification time of '2026-06-29T10:13:35Z'
Number of updated asset objects reloaded before import = 0Number of asset objects unloaded after import = 0

========================================================================
Received Import Request.
  Time since last request: 0.000078 seconds.
  path: Assets/Scenes/game.unity
  importAddress: Guid(e4aadcd0be7cf4cc98df6cbd84d80c99) Importer(815301076,1909f56bfc062723c751e8b465ee728b)
Start importing Assets/Scenes/game.unity using Guid(e4aadcd0be7cf4cc98df6cbd84d80c99) Importer(815301076,1909f56bfc062723c751e8b465ee728b) (PreviewImporter) -> (Import Result ID: '00000000000000000000000000000000') in 0.000486875 seconds
Import Error Code:(4)
Message: Build asset version error: assets/scenes/game.unity in SourceAssetDB has modification time of '2026-06-29T09:50:37Z' while content on disk has modification time of '2026-06-29T10:13:35Z'
  ERROR: Build asset version error: assets/scenes/game.unity in SourceAssetDB has modification time of '2026-06-29T09:50:37Z' while content on disk has modification time of '2026-06-29T10:13:35Z'
Number of updated asset objects reloaded before import = 0Number of asset objects unloaded after import = 0

========================================================================
Received Import Request.
  Time since last request: 0.000072 seconds.
  path: Assets/Scenes/game.unity
  importAddress: Guid(e4aadcd0be7cf4cc98df6cbd84d80c99) Importer(815301076,1909f56bfc062723c751e8b465ee728b)
Start importing Assets/Scenes/game.unity using Guid(e4aadcd0be7cf4cc98df6cbd84d80c99) Importer(815301076,1909f56bfc062723c751e8b465ee728b) (PreviewImporter) -> (Import Result ID: '00000000000000000000000000000000') in 0.000466708 seconds
Import Error Code:(4)
Message: Build asset version error: assets/scenes/game.unity in SourceAssetDB has modification time of '2026-06-29T09:50:37Z' while content on disk has modification time of '2026-06-29T10:13:35Z'
  ERROR: Build asset version error: assets/scenes/game.unity in SourceAssetDB has modification time of '2026-06-29T09:50:37Z' while content on disk has modification time of '2026-06-29T10:13:35Z'
Number of updated asset objects reloaded before import = 0Number of asset objects unloaded after import = 0

========================================================================
Received Import Request.
  Time since last request: 0.000047 seconds.
  path: Assets/Scenes/game.unity
  importAddress: Guid(e4aadcd0be7cf4cc98df6cbd84d80c99) Importer(815301076,1909f56bfc062723c751e8b465ee728b)
Start importing Assets/Scenes/game.unity using Guid(e4aadcd0be7cf4cc98df6cbd84d80c99) Importer(815301076,1909f56bfc062723c751e8b465ee728b) (PreviewImporter) -> (Import Result ID: '00000000000000000000000000000000') in 0.000476667 seconds
Import Error Code:(4)
Message: Build asset version error: assets/scenes/game.unity in SourceAssetDB has modification time of '2026-06-29T09:50:37Z' while content on disk has modification time of '2026-06-29T10:13:35Z'
  ERROR: Build asset version error: assets/scenes/game.unity in SourceAssetDB has modification time of '2026-06-29T09:50:37Z' while content on disk has modification time of '2026-06-29T10:13:35Z'
Number of updated asset objects reloaded before import = 0Number of asset objects unloaded after import = 0

========================================================================
Received Import Request.
  Time since last request: 0.000104 seconds.
  path: Assets/Scenes/game.unity
  importAddress: Guid(e4aadcd0be7cf4cc98df6cbd84d80c99) Importer(815301076,1909f56bfc062723c751e8b465ee728b)
Start importing Assets/Scenes/game.unity using Guid(e4aadcd0be7cf4cc98df6cbd84d80c99) Importer(815301076,1909f56bfc062723c751e8b465ee728b) (PreviewImporter) -> (Import Result ID: '00000000000000000000000000000000') in 0.000474542 seconds
Import Error Code:(4)
Message: Build asset version error: assets/scenes/game.unity in SourceAssetDB has modification time of '2026-06-29T09:50:37Z' while content on disk has modification time of '2026-06-29T10:13:35Z'
  ERROR: Build asset version error: assets/scenes/game.unity in SourceAssetDB has modification time of '2026-06-29T09:50:37Z' while content on disk has modification time of '2026-06-29T10:13:35Z'
Number of updated asset objects reloaded before import = 0Number of asset objects unloaded after import = 0

========================================================================
Received Import Request.
  Time since last request: 0.000046 seconds.
  path: Assets/Scenes/game.unity
  importAddress: Guid(e4aadcd0be7cf4cc98df6cbd84d80c99) Importer(815301076,1909f56bfc062723c751e8b465ee728b)
Start importing Assets/Scenes/game.unity using Guid(e4aadcd0be7cf4cc98df6cbd84d80c99) Importer(815301076,1909f56bfc062723c751e8b465ee728b) (PreviewImporter) -> (Import Result ID: '00000000000000000000000000000000') in 0.0005315 seconds
Import Error Code:(4)
Message: Build asset version error: assets/scenes/game.unity in SourceAssetDB has modification time of '2026-06-29T09:50:37Z' while content on disk has modification time of '2026-06-29T10:13:35Z'
  ERROR: Build asset version error: assets/scenes/game.unity in SourceAssetDB has modification time of '2026-06-29T09:50:37Z' while content on disk has modification time of '2026-06-29T10:13:35Z'
Number of updated asset objects reloaded before import = 0Number of asset objects unloaded after import = 0

========================================================================
Received Import Request.
  Time since last request: 0.000073 seconds.
  path: Assets/Scenes/game.unity
  importAddress: Guid(e4aadcd0be7cf4cc98df6cbd84d80c99) Importer(815301076,1909f56bfc062723c751e8b465ee728b)
Start importing Assets/Scenes/game.unity using Guid(e4aadcd0be7cf4cc98df6cbd84d80c99) Importer(815301076,1909f56bfc062723c751e8b465ee728b) (PreviewImporter) -> (Import Result ID: '00000000000000000000000000000000') in 0.000471958 seconds
Import Error Code:(4)
Message: Build asset version error: assets/scenes/game.unity in SourceAssetDB has modification time of '2026-06-29T09:50:37Z' while content on disk has modification time of '2026-06-29T10:13:35Z'
  ERROR: Build asset version error: assets/scenes/game.unity in SourceAssetDB has modification time of '2026-06-29T09:50:37Z' while content on disk has modification time of '2026-06-29T10:13:35Z'
Number of updated asset objects reloaded before import = 0Number of asset objects unloaded after import = 0

========================================================================
Received Import Request.
  Time since last request: 0.000043 seconds.
  path: Assets/Scenes/game.unity
  importAddress: Guid(e4aadcd0be7cf4cc98df6cbd84d80c99) Importer(815301076,1909f56bfc062723c751e8b465ee728b)
Start importing Assets/Scenes/game.unity using Guid(e4aadcd0be7cf4cc98df6cbd84d80c99) Importer(815301076,1909f56bfc062723c751e8b465ee728b) (PreviewImporter) -> (Import Result ID: '00000000000000000000000000000000') in 0.000488 seconds
Import Error Code:(4)
Message: Build asset version error: assets/scenes/game.unity in SourceAssetDB has modification time of '2026-06-29T09:50:37Z' while content on disk has modification time of '2026-06-29T10:13:35Z'
  ERROR: Build asset version error: assets/scenes/game.unity in SourceAssetDB has modification time of '2026-06-29T09:50:37Z' while content on disk has modification time of '2026-06-29T10:13:35Z'
Number of updated asset objects reloaded before import = 0Number of asset objects unloaded after import = 0

========================================================================
Received Import Request.
  Time since last request: 0.000053 seconds.
  path: Assets/Scenes/game.unity
  importAddress: Guid(e4aadcd0be7cf4cc98df6cbd84d80c99) Importer(815301076,1909f56bfc062723c751e8b465ee728b)
Start importing Assets/Scenes/game.unity using Guid(e4aadcd0be7cf4cc98df6cbd84d80c99) Importer(815301076,1909f56bfc062723c751e8b465ee728b) (PreviewImporter) -> (Import Result ID: '00000000000000000000000000000000') in 0.000489625 seconds
Import Error Code:(4)
Message: Build asset version error: assets/scenes/game.unity in SourceAssetDB has modification time of '2026-06-29T09:50:37Z' while content on disk has modification time of '2026-06-29T10:13:35Z'
  ERROR: Build asset version error: assets/scenes/game.unity in SourceAssetDB has modification time of '2026-06-29T09:50:37Z' while content on disk has modification time of '2026-06-29T10:13:35Z'
Number of updated asset objects reloaded before import = 0Number of asset objects unloaded after import = 0

========================================================================
Received Import Request.
  Time since last request: 0.000051 seconds.
  path: Assets/Scenes/game.unity
  importAddress: Guid(e4aadcd0be7cf4cc98df6cbd84d80c99) Importer(815301076,1909f56bfc062723c751e8b465ee728b)
Start importing Assets/Scenes/game.unity using Guid(e4aadcd0be7cf4cc98df6cbd84d80c99) Importer(815301076,1909f56bfc062723c751e8b465ee728b) (PreviewImporter) -> (Import Result ID: '00000000000000000000000000000000') in 0.0004615 seconds
Import Error Code:(4)
Message: Build asset version error: assets/scenes/game.unity in SourceAssetDB has modification time of '2026-06-29T09:50:37Z' while content on disk has modification time of '2026-06-29T10:13:35Z'
  ERROR: Build asset version error: assets/scenes/game.unity in SourceAssetDB has modification time of '2026-06-29T09:50:37Z' while content on disk has modification time of '2026-06-29T10:13:35Z'
Number of updated asset objects reloaded before import = 0Number of asset objects unloaded after import = 0

========================================================================
Received Import Request.
  Time since last request: 0.000054 seconds.
  path: Assets/Scenes/game.unity
  importAddress: Guid(e4aadcd0be7cf4cc98df6cbd84d80c99) Importer(815301076,1909f56bfc062723c751e8b465ee728b)
Start importing Assets/Scenes/game.unity using Guid(e4aadcd0be7cf4cc98df6cbd84d80c99) Importer(815301076,1909f56bfc062723c751e8b465ee728b) (PreviewImporter) -> (Import Result ID: '00000000000000000000000000000000') in 0.000484167 seconds
Import Error Code:(4)
Message: Build asset version error: assets/scenes/game.unity in SourceAssetDB has modification time of '2026-06-29T09:50:37Z' while content on disk has modification time of '2026-06-29T10:13:35Z'
  ERROR: Build asset version error: assets/scenes/game.unity in SourceAssetDB has modification time of '2026-06-29T09:50:37Z' while content on disk has modification time of '2026-06-29T10:13:35Z'
Number of updated asset objects reloaded before import = 0Number of asset objects unloaded after import = 0

========================================================================
Received Import Request.
  Time since last request: 0.000050 seconds.
  path: Assets/Scenes/game.unity
  importAddress: Guid(e4aadcd0be7cf4cc98df6cbd84d80c99) Importer(815301076,1909f56bfc062723c751e8b465ee728b)
Start importing Assets/Scenes/game.unity using Guid(e4aadcd0be7cf4cc98df6cbd84d80c99) Importer(815301076,1909f56bfc062723c751e8b465ee728b) (PreviewImporter) -> (Import Result ID: '00000000000000000000000000000000') in 0.000508334 seconds
Import Error Code:(4)
Message: Build asset version error: assets/scenes/game.unity in SourceAssetDB has modification time of '2026-06-29T09:50:37Z' while content on disk has modification time of '2026-06-29T10:13:35Z'
  ERROR: Build asset version error: assets/scenes/game.unity in SourceAssetDB has modification time of '2026-06-29T09:50:37Z' while content on disk has modification time of '2026-06-29T10:13:35Z'
Number of updated asset objects reloaded before import = 0Number of asset objects unloaded after import = 0

========================================================================
Received Import Request.
  Time since last request: 0.000073 seconds.
  path: Assets/Scenes/game.unity
  importAddress: Guid(e4aadcd0be7cf4cc98df6cbd84d80c99) Importer(815301076,1909f56bfc062723c751e8b465ee728b)
Start importing Assets/Scenes/game.unity using Guid(e4aadcd0be7cf4cc98df6cbd84d80c99) Importer(815301076,1909f56bfc062723c751e8b465ee728b) (PreviewImporter) -> (Import Result ID: '00000000000000000000000000000000') in 0.000563792 seconds
Import Error Code:(4)
Message: Build asset version error: assets/scenes/game.unity in SourceAssetDB has modification time of '2026-06-29T09:50:37Z' while content on disk has modification time of '2026-06-29T10:13:35Z'
  ERROR: Build asset version error: assets/scenes/game.unity in SourceAssetDB has modification time of '2026-06-29T09:50:37Z' while content on disk has modification time of '2026-06-29T10:13:35Z'
Number of updated asset objects reloaded before import = 0Number of asset objects unloaded after import = 0

========================================================================
Received Import Request.
  Time since last request: 0.000049 seconds.
  path: Assets/Scenes/game.unity
  importAddress: Guid(e4aadcd0be7cf4cc98df6cbd84d80c99) Importer(815301076,1909f56bfc062723c751e8b465ee728b)
Start importing Assets/Scenes/game.unity using Guid(e4aadcd0be7cf4cc98df6cbd84d80c99) Importer(815301076,1909f56bfc062723c751e8b465ee728b) (PreviewImporter) -> (Import Result ID: '00000000000000000000000000000000') in 0.000508667 seconds
Import Error Code:(4)
Message: Build asset version error: assets/scenes/game.unity in SourceAssetDB has modification time of '2026-06-29T09:50:37Z' while content on disk has modification time of '2026-06-29T10:13:35Z'
  ERROR: Build asset version error: assets/scenes/game.unity in SourceAssetDB has modification time of '2026-06-29T09:50:37Z' while content on disk has modification time of '2026-06-29T10:13:35Z'
Number of updated asset objects reloaded before import = 0Number of asset objects unloaded after import = 0

========================================================================
Received Import Request.
  Time since last request: 0.000051 seconds.
  path: Assets/Scenes/game.unity
  importAddress: Guid(e4aadcd0be7cf4cc98df6cbd84d80c99) Importer(815301076,1909f56bfc062723c751e8b465ee728b)
Start importing Assets/Scenes/game.unity using Guid(e4aadcd0be7cf4cc98df6cbd84d80c99) Importer(815301076,1909f56bfc062723c751e8b465ee728b) (PreviewImporter) -> (Import Result ID: '00000000000000000000000000000000') in 0.000509042 seconds
Import Error Code:(4)
Message: Build asset version error: assets/scenes/game.unity in SourceAssetDB has modification time of '2026-06-29T09:50:37Z' while content on disk has modification time of '2026-06-29T10:13:35Z'
  ERROR: Build asset version error: assets/scenes/game.unity in SourceAssetDB has modification time of '2026-06-29T09:50:37Z' while content on disk has modification time of '2026-06-29T10:13:35Z'
Number of updated asset objects reloaded before import = 0Number of asset objects unloaded after import = 0

========================================================================
Received Import Request.
  Time since last request: 0.000054 seconds.
  path: Assets/Scenes/game.unity
  importAddress: Guid(e4aadcd0be7cf4cc98df6cbd84d80c99) Importer(815301076,1909f56bfc062723c751e8b465ee728b)
Start importing Assets/Scenes/game.unity using Guid(e4aadcd0be7cf4cc98df6cbd84d80c99) Importer(815301076,1909f56bfc062723c751e8b465ee728b) (PreviewImporter) -> (Import Result ID: '00000000000000000000000000000000') in 0.000470708 seconds
Import Error Code:(4)
Message: Build asset version error: assets/scenes/game.unity in SourceAssetDB has modification time of '2026-06-29T09:50:37Z' while content on disk has modification time of '2026-06-29T10:13:35Z'
  ERROR: Build asset version error: assets/scenes/game.unity in SourceAssetDB has modification time of '2026-06-29T09:50:37Z' while content on disk has modification time of '2026-06-29T10:13:35Z'
Number of updated asset objects reloaded before import = 0Number of asset objects unloaded after import = 0

========================================================================
Received Import Request.
  Time since last request: 0.000072 seconds.
  path: Assets/Scenes/game.unity
  importAddress: Guid(e4aadcd0be7cf4cc98df6cbd84d80c99) Importer(815301076,1909f56bfc062723c751e8b465ee728b)
Start importing Assets/Scenes/game.unity using Guid(e4aadcd0be7cf4cc98df6cbd84d80c99) Importer(815301076,1909f56bfc062723c751e8b465ee728b) (PreviewImporter) -> (Import Result ID: '00000000000000000000000000000000') in 0.000469 seconds
Import Error Code:(4)
Message: Build asset version error: assets/scenes/game.unity in SourceAssetDB has modification time of '2026-06-29T09:50:37Z' while content on disk has modification time of '2026-06-29T10:13:35Z'
  ERROR: Build asset version error: assets/scenes/game.unity in SourceAssetDB has modification time of '2026-06-29T09:50:37Z' while content on disk has modification time of '2026-06-29T10:13:35Z'
Number of updated asset objects reloaded before import = 0Number of asset objects unloaded after import = 0

========================================================================
Received Import Request.
  Time since last request: 0.000055 seconds.
  path: Assets/Scenes/game.unity
  importAddress: Guid(e4aadcd0be7cf4cc98df6cbd84d80c99) Importer(815301076,1909f56bfc062723c751e8b465ee728b)
Start importing Assets/Scenes/game.unity using Guid(e4aadcd0be7cf4cc98df6cbd84d80c99) Importer(815301076,1909f56bfc062723c751e8b465ee728b) (PreviewImporter) -> (Import Result ID: '00000000000000000000000000000000') in 0.000471167 seconds
Import Error Code:(4)
Message: Build asset version error: assets/scenes/game.unity in SourceAssetDB has modification time of '2026-06-29T09:50:37Z' while content on disk has modification time of '2026-06-29T10:13:35Z'
  ERROR: Build asset version error: assets/scenes/game.unity in SourceAssetDB has modification time of '2026-06-29T09:50:37Z' while content on disk has modification time of '2026-06-29T10:13:35Z'
Number of updated asset objects reloaded before import = 0Number of asset objects unloaded after import = 0

========================================================================
Received Import Request.
  Time since last request: 0.000045 seconds.
  path: Assets/Scenes/game.unity
  importAddress: Guid(e4aadcd0be7cf4cc98df6cbd84d80c99) Importer(815301076,1909f56bfc062723c751e8b465ee728b)
Start importing Assets/Scenes/game.unity using Guid(e4aadcd0be7cf4cc98df6cbd84d80c99) Importer(815301076,1909f56bfc062723c751e8b465ee728b) (PreviewImporter) -> (Import Result ID: '00000000000000000000000000000000') in 0.000509584 seconds
Import Error Code:(4)
Message: Build asset version error: assets/scenes/game.unity in SourceAssetDB has modification time of '2026-06-29T09:50:37Z' while content on disk has modification time of '2026-06-29T10:13:35Z'
  ERROR: Build asset version error: assets/scenes/game.unity in SourceAssetDB has modification time of '2026-06-29T09:50:37Z' while content on disk has modification time of '2026-06-29T10:13:35Z'
Number of updated asset objects reloaded before import = 0Number of asset objects unloaded after import = 0

========================================================================
Received Import Request.
  Time since last request: 0.000049 seconds.
  path: Assets/Scenes/game.unity
  importAddress: Guid(e4aadcd0be7cf4cc98df6cbd84d80c99) Importer(815301076,1909f56bfc062723c751e8b465ee728b)
Start importing Assets/Scenes/game.unity using Guid(e4aadcd0be7cf4cc98df6cbd84d80c99) Importer(815301076,1909f56bfc062723c751e8b465ee728b) (PreviewImporter) -> (Import Result ID: '00000000000000000000000000000000') in 0.000490042 seconds
Import Error Code:(4)
Message: Build asset version error: assets/scenes/game.unity in SourceAssetDB has modification time of '2026-06-29T09:50:37Z' while content on disk has modification time of '2026-06-29T10:13:35Z'
  ERROR: Build asset version error: assets/scenes/game.unity in SourceAssetDB has modification time of '2026-06-29T09:50:37Z' while content on disk has modification time of '2026-06-29T10:13:35Z'
Number of updated asset objects reloaded before import = 0Number of asset objects unloaded after import = 0

========================================================================
Received Import Request.
  Time since last request: 0.000054 seconds.
  path: Assets/Scenes/game.unity
  importAddress: Guid(e4aadcd0be7cf4cc98df6cbd84d80c99) Importer(815301076,1909f56bfc062723c751e8b465ee728b)
Start importing Assets/Scenes/game.unity using Guid(e4aadcd0be7cf4cc98df6cbd84d80c99) Importer(815301076,1909f56bfc062723c751e8b465ee728b) (PreviewImporter) -> (Import Result ID: '00000000000000000000000000000000') in 0.000501 seconds
Import Error Code:(4)
Message: Build asset version error: assets/scenes/game.unity in SourceAssetDB has modification time of '2026-06-29T09:50:37Z' while content on disk has modification time of '2026-06-29T10:13:35Z'
  ERROR: Build asset version error: assets/scenes/game.unity in SourceAssetDB has modification time of '2026-06-29T09:50:37Z' while content on disk has modification time of '2026-06-29T10:13:35Z'
Number of updated asset objects reloaded before import = 0Number of asset objects unloaded after import = 0

========================================================================
Received Import Request.
  Time since last request: 0.000061 seconds.
  path: Assets/Scenes/game.unity
  importAddress: Guid(e4aadcd0be7cf4cc98df6cbd84d80c99) Importer(815301076,1909f56bfc062723c751e8b465ee728b)
Start importing Assets/Scenes/game.unity using Guid(e4aadcd0be7cf4cc98df6cbd84d80c99) Importer(815301076,1909f56bfc062723c751e8b465ee728b) (PreviewImporter) -> (Import Result ID: '00000000000000000000000000000000') in 0.000458125 seconds
Import Error Code:(4)
Message: Build asset version error: assets/scenes/game.unity in SourceAssetDB has modification time of '2026-06-29T09:50:37Z' while content on disk has modification time of '2026-06-29T10:13:35Z'
  ERROR: Build asset version error: assets/scenes/game.unity in SourceAssetDB has modification time of '2026-06-29T09:50:37Z' while content on disk has modification time of '2026-06-29T10:13:35Z'
Number of updated asset objects reloaded before import = 0Number of asset objects unloaded after import = 0

========================================================================
Received Import Request.
  Time since last request: 0.000050 seconds.
  path: Assets/Scenes/game.unity
  importAddress: Guid(e4aadcd0be7cf4cc98df6cbd84d80c99) Importer(815301076,1909f56bfc062723c751e8b465ee728b)
Start importing Assets/Scenes/game.unity using Guid(e4aadcd0be7cf4cc98df6cbd84d80c99) Importer(815301076,1909f56bfc062723c751e8b465ee728b) (PreviewImporter) -> (Import Result ID: '00000000000000000000000000000000') in 0.000531084 seconds
Import Error Code:(4)
Message: Build asset version error: assets/scenes/game.unity in SourceAssetDB has modification time of '2026-06-29T09:50:37Z' while content on disk has modification time of '2026-06-29T10:13:35Z'
  ERROR: Build asset version error: assets/scenes/game.unity in SourceAssetDB has modification time of '2026-06-29T09:50:37Z' while content on disk has modification time of '2026-06-29T10:13:35Z'
Number of updated asset objects reloaded before import = 0Number of asset objects unloaded after import = 0

========================================================================
Received Import Request.
  Time since last request: 0.005054 seconds.
  path: Assets/Scenes/Menu.unity
  importAddress: Guid(d3dcd5b06fff44411b9e90c54e5ec061) Importer(815301076,1909f56bfc062723c751e8b465ee728b)
Start importing Assets/Scenes/Menu.unity using Guid(d3dcd5b06fff44411b9e90c54e5ec061) Importer(815301076,1909f56bfc062723c751e8b465ee728b) (PreviewImporter) -> (Import Result ID: '22f1917848b12260b00380557af9797a') in 0.003239958 seconds [static and dynamic dependencies]. Details - ImportResultOutputID=8097628adaae3a33ce8e185e77c968eb DependenciesID=c6e90b589942a384ca5723724535b981 StaticDependenciesID=788b2f6d50a0fdfaf5ae13f77a02a1c8 
Number of updated asset objects reloaded before import = 0Number of asset objects unloaded after import = 0

========================================================================
Received Import Request.
  Time since last request: 2.600653 seconds.
  path: Assets/Scenes/game.unity
  importAddress: Guid(e4aadcd0be7cf4cc98df6cbd84d80c99) Importer(815301076,1909f56bfc062723c751e8b465ee728b)
Start importing Assets/Scenes/game.unity using Guid(e4aadcd0be7cf4cc98df6cbd84d80c99) Importer(815301076,1909f56bfc062723c751e8b465ee728b) (PreviewImporter) -> (Import Result ID: '00000000000000000000000000000000') in 0.004725833 seconds
Import Error Code:(4)
Message: Build asset version error: assets/scenes/game.unity in SourceAssetDB has modification time of '2026-06-29T09:50:37Z' while content on disk has modification time of '2026-06-29T10:13:35Z'
  ERROR: Build asset version error: assets/scenes/game.unity in SourceAssetDB has modification time of '2026-06-29T09:50:37Z' while content on disk has modification time of '2026-06-29T10:13:35Z'
Number of updated asset objects reloaded before import = 0Number of asset objects unloaded after import = 0

========================================================================
Received Import Request.
  Time since last request: 0.000286 seconds.
  path: Assets/Scenes/game.unity
  importAddress: Guid(e4aadcd0be7cf4cc98df6cbd84d80c99) Importer(815301076,1909f56bfc062723c751e8b465ee728b)
Start importing Assets/Scenes/game.unity using Guid(e4aadcd0be7cf4cc98df6cbd84d80c99) Importer(815301076,1909f56bfc062723c751e8b465ee728b) (PreviewImporter) -> (Import Result ID: '00000000000000000000000000000000') in 0.000817 seconds
Import Error Code:(4)
Message: Build asset version error: assets/scenes/game.unity in SourceAssetDB has modification time of '2026-06-29T09:50:37Z' while content on disk has modification time of '2026-06-29T10:13:35Z'
  ERROR: Build asset version error: assets/scenes/game.unity in SourceAssetDB has modification time of '2026-06-29T09:50:37Z' while content on disk has modification time of '2026-06-29T10:13:35Z'
Number of updated asset objects reloaded before import = 0Number of asset objects unloaded after import = 0

========================================================================
Received Import Request.
  Time since last request: 0.503844 seconds.
  path: Assets/Scenes/game.unity
  importAddress: Guid(e4aadcd0be7cf4cc98df6cbd84d80c99) Importer(815301076,1909f56bfc062723c751e8b465ee728b)
Start importing Assets/Scenes/game.unity using Guid(e4aadcd0be7cf4cc98df6cbd84d80c99) Importer(815301076,1909f56bfc062723c751e8b465ee728b) (PreviewImporter) -> (Import Result ID: '00000000000000000000000000000000') in 0.000769875 seconds
Import Error Code:(4)
Message: Build asset version error: assets/scenes/game.unity in SourceAssetDB has modification time of '2026-06-29T09:50:37Z' while content on disk has modification time of '2026-06-29T10:13:35Z'
  ERROR: Build asset version error: assets/scenes/game.unity in SourceAssetDB has modification time of '2026-06-29T09:50:37Z' while content on disk has modification time of '2026-06-29T10:13:35Z'
Number of updated asset objects reloaded before import = 0Number of asset objects unloaded after import = 0

========================================================================
Received Import Request.
  Time since last request: 0.145292 seconds.
  path: Assets/Scenes/game.unity
  importAddress: Guid(e4aadcd0be7cf4cc98df6cbd84d80c99) Importer(815301076,1909f56bfc062723c751e8b465ee728b)
Start importing Assets/Scenes/game.unity using Guid(e4aadcd0be7cf4cc98df6cbd84d80c99) Importer(815301076,1909f56bfc062723c751e8b465ee728b) (PreviewImporter) -> (Import Result ID: '00000000000000000000000000000000') in 0.000672917 seconds
Import Error Code:(4)
Message: Build asset version error: assets/scenes/game.unity in SourceAssetDB has modification time of '2026-06-29T09:50:37Z' while content on disk has modification time of '2026-06-29T10:13:35Z'
  ERROR: Build asset version error: assets/scenes/game.unity in SourceAssetDB has modification time of '2026-06-29T09:50:37Z' while content on disk has modification time of '2026-06-29T10:13:35Z'
Number of updated asset objects reloaded before import = 0Number of asset objects unloaded after import = 0

========================================================================
Received Import Request.
  Time since last request: 0.000066 seconds.
  path: Assets/Scenes/game.unity
  importAddress: Guid(e4aadcd0be7cf4cc98df6cbd84d80c99) Importer(815301076,1909f56bfc062723c751e8b465ee728b)
Start importing Assets/Scenes/game.unity using Guid(e4aadcd0be7cf4cc98df6cbd84d80c99) Importer(815301076,1909f56bfc062723c751e8b465ee728b) (PreviewImporter) -> (Import Result ID: '00000000000000000000000000000000') in 0.000643291 seconds
Import Error Code:(4)
Message: Build asset version error: assets/scenes/game.unity in SourceAssetDB has modification time of '2026-06-29T09:50:37Z' while content on disk has modification time of '2026-06-29T10:13:35Z'
  ERROR: Build asset version error: assets/scenes/game.unity in SourceAssetDB has modification time of '2026-06-29T09:50:37Z' while content on disk has modification time of '2026-06-29T10:13:35Z'
Number of updated asset objects reloaded before import = 0Number of asset objects unloaded after import = 0

========================================================================
Received Import Request.
  Time since last request: 0.000051 seconds.
  path: Assets/Scenes/game.unity
  importAddress: Guid(e4aadcd0be7cf4cc98df6cbd84d80c99) Importer(815301076,1909f56bfc062723c751e8b465ee728b)
Start importing Assets/Scenes/game.unity using Guid(e4aadcd0be7cf4cc98df6cbd84d80c99) Importer(815301076,1909f56bfc062723c751e8b465ee728b) (PreviewImporter) -> (Import Result ID: '00000000000000000000000000000000') in 0.000568167 seconds
Import Error Code:(4)
Message: Build asset version error: assets/scenes/game.unity in SourceAssetDB has modification time of '2026-06-29T09:50:37Z' while content on disk has modification time of '2026-06-29T10:13:35Z'
  ERROR: Build asset version error: assets/scenes/game.unity in SourceAssetDB has modification time of '2026-06-29T09:50:37Z' while content on disk has modification time of '2026-06-29T10:13:35Z'
Number of updated asset objects reloaded before import = 0Number of asset objects unloaded after import = 0

========================================================================
Received Import Request.
  Time since last request: 0.000137 seconds.
  path: Assets/Scenes/game.unity
  importAddress: Guid(e4aadcd0be7cf4cc98df6cbd84d80c99) Importer(815301076,1909f56bfc062723c751e8b465ee728b)
Start importing Assets/Scenes/game.unity using Guid(e4aadcd0be7cf4cc98df6cbd84d80c99) Importer(815301076,1909f56bfc062723c751e8b465ee728b) (PreviewImporter) -> (Import Result ID: '00000000000000000000000000000000') in 0.001593792 seconds
Import Error Code:(4)
Message: Build asset version error: assets/scenes/game.unity in SourceAssetDB has modification time of '2026-06-29T09:50:37Z' while content on disk has modification time of '2026-06-29T10:13:35Z'
  ERROR: Build asset version error: assets/scenes/game.unity in SourceAssetDB has modification time of '2026-06-29T09:50:37Z' while content on disk has modification time of '2026-06-29T10:13:35Z'
Number of updated asset objects reloaded before import = 0Number of asset objects unloaded after import = 0

========================================================================
Received Import Request.
  Time since last request: 0.000063 seconds.
  path: Assets/Scenes/game.unity
  importAddress: Guid(e4aadcd0be7cf4cc98df6cbd84d80c99) Importer(815301076,1909f56bfc062723c751e8b465ee728b)
Start importing Assets/Scenes/game.unity using Guid(e4aadcd0be7cf4cc98df6cbd84d80c99) Importer(815301076,1909f56bfc062723c751e8b465ee728b) (PreviewImporter) -> (Import Result ID: '00000000000000000000000000000000') in 0.000697167 seconds
Import Error Code:(4)
Message: Build asset version error: assets/scenes/game.unity in SourceAssetDB has modification time of '2026-06-29T09:50:37Z' while content on disk has modification time of '2026-06-29T10:13:35Z'
  ERROR: Build asset version error: assets/scenes/game.unity in SourceAssetDB has modification time of '2026-06-29T09:50:37Z' while content on disk has modification time of '2026-06-29T10:13:35Z'
Number of updated asset objects reloaded before import = 0Number of asset objects unloaded after import = 0

========================================================================
Received Import Request.
  Time since last request: 0.000077 seconds.
  path: Assets/Scenes/game.unity
  importAddress: Guid(e4aadcd0be7cf4cc98df6cbd84d80c99) Importer(815301076,1909f56bfc062723c751e8b465ee728b)
Start importing Assets/Scenes/game.unity using Guid(e4aadcd0be7cf4cc98df6cbd84d80c99) Importer(815301076,1909f56bfc062723c751e8b465ee728b) (PreviewImporter) -> (Import Result ID: '00000000000000000000000000000000') in 0.000857459 seconds
Import Error Code:(4)
Message: Build asset version error: assets/scenes/game.unity in SourceAssetDB has modification time of '2026-06-29T09:50:37Z' while content on disk has modification time of '2026-06-29T10:13:35Z'
  ERROR: Build asset version error: assets/scenes/game.unity in SourceAssetDB has modification time of '2026-06-29T09:50:37Z' while content on disk has modification time of '2026-06-29T10:13:35Z'
Number of updated asset objects reloaded before import = 0Number of asset objects unloaded after import = 0

========================================================================
Received Import Request.
  Time since last request: 0.000078 seconds.
  path: Assets/Scenes/game.unity
  importAddress: Guid(e4aadcd0be7cf4cc98df6cbd84d80c99) Importer(815301076,1909f56bfc062723c751e8b465ee728b)
Start importing Assets/Scenes/game.unity using Guid(e4aadcd0be7cf4cc98df6cbd84d80c99) Importer(815301076,1909f56bfc062723c751e8b465ee728b) (PreviewImporter) -> (Import Result ID: '00000000000000000000000000000000') in 0.000680875 seconds
Import Error Code:(4)
Message: Build asset version error: assets/scenes/game.unity in SourceAssetDB has modification time of '2026-06-29T09:50:37Z' while content on disk has modification time of '2026-06-29T10:13:35Z'
  ERROR: Build asset version error: assets/scenes/game.unity in SourceAssetDB has modification time of '2026-06-29T09:50:37Z' while content on disk has modification time of '2026-06-29T10:13:35Z'
Number of updated asset objects reloaded before import = 0Number of asset objects unloaded after import = 0

========================================================================
Received Import Request.
  Time since last request: 0.000089 seconds.
  path: Assets/Scenes/game.unity
  importAddress: Guid(e4aadcd0be7cf4cc98df6cbd84d80c99) Importer(815301076,1909f56bfc062723c751e8b465ee728b)
Start importing Assets/Scenes/game.unity using Guid(e4aadcd0be7cf4cc98df6cbd84d80c99) Importer(815301076,1909f56bfc062723c751e8b465ee728b) (PreviewImporter) -> (Import Result ID: '00000000000000000000000000000000') in 0.0006045 seconds
Import Error Code:(4)
Message: Build asset version error: assets/scenes/game.unity in SourceAssetDB has modification time of '2026-06-29T09:50:37Z' while content on disk has modification time of '2026-06-29T10:13:35Z'
  ERROR: Build asset version error: assets/scenes/game.unity in SourceAssetDB has modification time of '2026-06-29T09:50:37Z' while content on disk has modification time of '2026-06-29T10:13:35Z'
Number of updated asset objects reloaded before import = 0Number of asset objects unloaded after import = 0

========================================================================
Received Import Request.
  Time since last request: 0.000055 seconds.
  path: Assets/Scenes/game.unity
  importAddress: Guid(e4aadcd0be7cf4cc98df6cbd84d80c99) Importer(815301076,1909f56bfc062723c751e8b465ee728b)
Start importing Assets/Scenes/game.unity using Guid(e4aadcd0be7cf4cc98df6cbd84d80c99) Importer(815301076,1909f56bfc062723c751e8b465ee728b) (PreviewImporter) -> (Import Result ID: '00000000000000000000000000000000') in 0.000517667 seconds
Import Error Code:(4)
Message: Build asset version error: assets/scenes/game.unity in SourceAssetDB has modification time of '2026-06-29T09:50:37Z' while content on disk has modification time of '2026-06-29T10:13:35Z'
  ERROR: Build asset version error: assets/scenes/game.unity in SourceAssetDB has modification time of '2026-06-29T09:50:37Z' while content on disk has modification time of '2026-06-29T10:13:35Z'
Number of updated asset objects reloaded before import = 0Number of asset objects unloaded after import = 0

========================================================================
Received Import Request.
  Time since last request: 0.000069 seconds.
  path: Assets/Scenes/game.unity
  importAddress: Guid(e4aadcd0be7cf4cc98df6cbd84d80c99) Importer(815301076,1909f56bfc062723c751e8b465ee728b)
Start importing Assets/Scenes/game.unity using Guid(e4aadcd0be7cf4cc98df6cbd84d80c99) Importer(815301076,1909f56bfc062723c751e8b465ee728b) (PreviewImporter) -> (Import Result ID: '00000000000000000000000000000000') in 0.000547 seconds
Import Error Code:(4)
Message: Build asset version error: assets/scenes/game.unity in SourceAssetDB has modification time of '2026-06-29T09:50:37Z' while content on disk has modification time of '2026-06-29T10:13:35Z'
  ERROR: Build asset version error: assets/scenes/game.unity in SourceAssetDB has modification time of '2026-06-29T09:50:37Z' while content on disk has modification time of '2026-06-29T10:13:35Z'
Number of updated asset objects reloaded before import = 0Number of asset objects unloaded after import = 0

========================================================================
Received Import Request.
  Time since last request: 0.000051 seconds.
  path: Assets/Scenes/game.unity
  importAddress: Guid(e4aadcd0be7cf4cc98df6cbd84d80c99) Importer(815301076,1909f56bfc062723c751e8b465ee728b)
Start importing Assets/Scenes/game.unity using Guid(e4aadcd0be7cf4cc98df6cbd84d80c99) Importer(815301076,1909f56bfc062723c751e8b465ee728b) (PreviewImporter) -> (Import Result ID: '00000000000000000000000000000000') in 0.0004855 seconds
Import Error Code:(4)
Message: Build asset version error: assets/scenes/game.unity in SourceAssetDB has modification time of '2026-06-29T09:50:37Z' while content on disk has modification time of '2026-06-29T10:13:35Z'
  ERROR: Build asset version error: assets/scenes/game.unity in SourceAssetDB has modification time of '2026-06-29T09:50:37Z' while content on disk has modification time of '2026-06-29T10:13:35Z'
Number of updated asset objects reloaded before import = 0Number of asset objects unloaded after import = 0

========================================================================
Received Import Request.
  Time since last request: 0.000050 seconds.
  path: Assets/Scenes/game.unity
  importAddress: Guid(e4aadcd0be7cf4cc98df6cbd84d80c99) Importer(815301076,1909f56bfc062723c751e8b465ee728b)
Start importing Assets/Scenes/game.unity using Guid(e4aadcd0be7cf4cc98df6cbd84d80c99) Importer(815301076,1909f56bfc062723c751e8b465ee728b) (PreviewImporter) -> (Import Result ID: '00000000000000000000000000000000') in 0.000495042 seconds
Import Error Code:(4)
Message: Build asset version error: assets/scenes/game.unity in SourceAssetDB has modification time of '2026-06-29T09:50:37Z' while content on disk has modification time of '2026-06-29T10:13:35Z'
  ERROR: Build asset version error: assets/scenes/game.unity in SourceAssetDB has modification time of '2026-06-29T09:50:37Z' while content on disk has modification time of '2026-06-29T10:13:35Z'
Number of updated asset objects reloaded before import = 0Number of asset objects unloaded after import = 0

========================================================================
Received Import Request.
  Time since last request: 0.000075 seconds.
  path: Assets/Scenes/game.unity
  importAddress: Guid(e4aadcd0be7cf4cc98df6cbd84d80c99) Importer(815301076,1909f56bfc062723c751e8b465ee728b)
Start importing Assets/Scenes/game.unity using Guid(e4aadcd0be7cf4cc98df6cbd84d80c99) Importer(815301076,1909f56bfc062723c751e8b465ee728b) (PreviewImporter) -> (Import Result ID: '00000000000000000000000000000000') in 0.000561 seconds
Import Error Code:(4)
Message: Build asset version error: assets/scenes/game.unity in SourceAssetDB has modification time of '2026-06-29T09:50:37Z' while content on disk has modification time of '2026-06-29T10:13:35Z'
  ERROR: Build asset version error: assets/scenes/game.unity in SourceAssetDB has modification time of '2026-06-29T09:50:37Z' while content on disk has modification time of '2026-06-29T10:13:35Z'
Number of updated asset objects reloaded before import = 0Number of asset objects unloaded after import = 0

========================================================================
Received Import Request.
  Time since last request: 0.000061 seconds.
  path: Assets/Scenes/game.unity
  importAddress: Guid(e4aadcd0be7cf4cc98df6cbd84d80c99) Importer(815301076,1909f56bfc062723c751e8b465ee728b)
Start importing Assets/Scenes/game.unity using Guid(e4aadcd0be7cf4cc98df6cbd84d80c99) Importer(815301076,1909f56bfc062723c751e8b465ee728b) (PreviewImporter) -> (Import Result ID: '00000000000000000000000000000000') in 0.000522583 seconds
Import Error Code:(4)
Message: Build asset version error: assets/scenes/game.unity in SourceAssetDB has modification time of '2026-06-29T09:50:37Z' while content on disk has modification time of '2026-06-29T10:13:35Z'
  ERROR: Build asset version error: assets/scenes/game.unity in SourceAssetDB has modification time of '2026-06-29T09:50:37Z' while content on disk has modification time of '2026-06-29T10:13:35Z'
Number of updated asset objects reloaded before import = 0Number of asset objects unloaded after import = 0

========================================================================
Received Import Request.
  Time since last request: 0.000073 seconds.
  path: Assets/Scenes/game.unity
  importAddress: Guid(e4aadcd0be7cf4cc98df6cbd84d80c99) Importer(815301076,1909f56bfc062723c751e8b465ee728b)
Start importing Assets/Scenes/game.unity using Guid(e4aadcd0be7cf4cc98df6cbd84d80c99) Importer(815301076,1909f56bfc062723c751e8b465ee728b) (PreviewImporter) -> (Import Result ID: '00000000000000000000000000000000') in 0.000593417 seconds
Import Error Code:(4)
Message: Build asset version error: assets/scenes/game.unity in SourceAssetDB has modification time of '2026-06-29T09:50:37Z' while content on disk has modification time of '2026-06-29T10:13:35Z'
  ERROR: Build asset version error: assets/scenes/game.unity in SourceAssetDB has modification time of '2026-06-29T09:50:37Z' while content on disk has modification time of '2026-06-29T10:13:35Z'
Number of updated asset objects reloaded before import = 0Number of asset objects unloaded after import = 0

========================================================================
Received Import Request.
  Time since last request: 0.000051 seconds.
  path: Assets/Scenes/game.unity
  importAddress: Guid(e4aadcd0be7cf4cc98df6cbd84d80c99) Importer(815301076,1909f56bfc062723c751e8b465ee728b)
Start importing Assets/Scenes/game.unity using Guid(e4aadcd0be7cf4cc98df6cbd84d80c99) Importer(815301076,1909f56bfc062723c751e8b465ee728b) (PreviewImporter) -> (Import Result ID: '00000000000000000000000000000000') in 0.000588791 seconds
Import Error Code:(4)
Message: Build asset version error: assets/scenes/game.unity in SourceAssetDB has modification time of '2026-06-29T09:50:37Z' while content on disk has modification time of '2026-06-29T10:13:35Z'
  ERROR: Build asset version error: assets/scenes/game.unity in SourceAssetDB has modification time of '2026-06-29T09:50:37Z' while content on disk has modification time of '2026-06-29T10:13:35Z'
Number of updated asset objects reloaded before import = 0Number of asset objects unloaded after import = 0

========================================================================
Received Import Request.
  Time since last request: 0.000100 seconds.
  path: Assets/Scenes/game.unity
  importAddress: Guid(e4aadcd0be7cf4cc98df6cbd84d80c99) Importer(815301076,1909f56bfc062723c751e8b465ee728b)
Start importing Assets/Scenes/game.unity using Guid(e4aadcd0be7cf4cc98df6cbd84d80c99) Importer(815301076,1909f56bfc062723c751e8b465ee728b) (PreviewImporter) -> (Import Result ID: '00000000000000000000000000000000') in 0.000504709 seconds
Import Error Code:(4)
Message: Build asset version error: assets/scenes/game.unity in SourceAssetDB has modification time of '2026-06-29T09:50:37Z' while content on disk has modification time of '2026-06-29T10:13:35Z'
  ERROR: Build asset version error: assets/scenes/game.unity in SourceAssetDB has modification time of '2026-06-29T09:50:37Z' while content on disk has modification time of '2026-06-29T10:13:35Z'
Number of updated asset objects reloaded before import = 0Number of asset objects unloaded after import = 0

========================================================================
Received Import Request.
  Time since last request: 0.000063 seconds.
  path: Assets/Scenes/game.unity
  importAddress: Guid(e4aadcd0be7cf4cc98df6cbd84d80c99) Importer(815301076,1909f56bfc062723c751e8b465ee728b)
Start importing Assets/Scenes/game.unity using Guid(e4aadcd0be7cf4cc98df6cbd84d80c99) Importer(815301076,1909f56bfc062723c751e8b465ee728b) (PreviewImporter) -> (Import Result ID: '00000000000000000000000000000000') in 0.000490875 seconds
Import Error Code:(4)
Message: Build asset version error: assets/scenes/game.unity in SourceAssetDB has modification time of '2026-06-29T09:50:37Z' while content on disk has modification time of '2026-06-29T10:13:35Z'
  ERROR: Build asset version error: assets/scenes/game.unity in SourceAssetDB has modification time of '2026-06-29T09:50:37Z' while content on disk has modification time of '2026-06-29T10:13:35Z'
Number of updated asset objects reloaded before import = 0Number of asset objects unloaded after import = 0

========================================================================
Received Import Request.
  Time since last request: 0.000065 seconds.
  path: Assets/Scenes/game.unity
  importAddress: Guid(e4aadcd0be7cf4cc98df6cbd84d80c99) Importer(815301076,1909f56bfc062723c751e8b465ee728b)
Start importing Assets/Scenes/game.unity using Guid(e4aadcd0be7cf4cc98df6cbd84d80c99) Importer(815301076,1909f56bfc062723c751e8b465ee728b) (PreviewImporter) -> (Import Result ID: '00000000000000000000000000000000') in 0.000470875 seconds
Import Error Code:(4)
Message: Build asset version error: assets/scenes/game.unity in SourceAssetDB has modification time of '2026-06-29T09:50:37Z' while content on disk has modification time of '2026-06-29T10:13:35Z'
  ERROR: Build asset version error: assets/scenes/game.unity in SourceAssetDB has modification time of '2026-06-29T09:50:37Z' while content on disk has modification time of '2026-06-29T10:13:35Z'
Number of updated asset objects reloaded before import = 0Number of asset objects unloaded after import = 0

========================================================================
Received Import Request.
  Time since last request: 0.000073 seconds.
  path: Assets/Scenes/game.unity
  importAddress: Guid(e4aadcd0be7cf4cc98df6cbd84d80c99) Importer(815301076,1909f56bfc062723c751e8b465ee728b)
Start importing Assets/Scenes/game.unity using Guid(e4aadcd0be7cf4cc98df6cbd84d80c99) Importer(815301076,1909f56bfc062723c751e8b465ee728b) (PreviewImporter) -> (Import Result ID: '00000000000000000000000000000000') in 0.000521333 seconds
Import Error Code:(4)
Message: Build asset version error: assets/scenes/game.unity in SourceAssetDB has modification time of '2026-06-29T09:50:37Z' while content on disk has modification time of '2026-06-29T10:13:35Z'
  ERROR: Build asset version error: assets/scenes/game.unity in SourceAssetDB has modification time of '2026-06-29T09:50:37Z' while content on disk has modification time of '2026-06-29T10:13:35Z'
Number of updated asset objects reloaded before import = 0Number of asset objects unloaded after import = 0

========================================================================
Received Import Request.
  Time since last request: 0.000071 seconds.
  path: Assets/Scenes/game.unity
  importAddress: Guid(e4aadcd0be7cf4cc98df6cbd84d80c99) Importer(815301076,1909f56bfc062723c751e8b465ee728b)
Start importing Assets/Scenes/game.unity using Guid(e4aadcd0be7cf4cc98df6cbd84d80c99) Importer(815301076,1909f56bfc062723c751e8b465ee728b) (PreviewImporter) -> (Import Result ID: '00000000000000000000000000000000') in 0.000615625 seconds
Import Error Code:(4)
Message: Build asset version error: assets/scenes/game.unity in SourceAssetDB has modification time of '2026-06-29T09:50:37Z' while content on disk has modification time of '2026-06-29T10:13:35Z'
  ERROR: Build asset version error: assets/scenes/game.unity in SourceAssetDB has modification time of '2026-06-29T09:50:37Z' while content on disk has modification time of '2026-06-29T10:13:35Z'
Number of updated asset objects reloaded before import = 0Number of asset objects unloaded after import = 0

========================================================================
Received Import Request.
  Time since last request: 0.000072 seconds.
  path: Assets/Scenes/game.unity
  importAddress: Guid(e4aadcd0be7cf4cc98df6cbd84d80c99) Importer(815301076,1909f56bfc062723c751e8b465ee728b)
Start importing Assets/Scenes/game.unity using Guid(e4aadcd0be7cf4cc98df6cbd84d80c99) Importer(815301076,1909f56bfc062723c751e8b465ee728b) (PreviewImporter) -> (Import Result ID: '00000000000000000000000000000000') in 0.000490667 seconds
Import Error Code:(4)
Message: Build asset version error: assets/scenes/game.unity in SourceAssetDB has modification time of '2026-06-29T09:50:37Z' while content on disk has modification time of '2026-06-29T10:13:35Z'
  ERROR: Build asset version error: assets/scenes/game.unity in SourceAssetDB has modification time of '2026-06-29T09:50:37Z' while content on disk has modification time of '2026-06-29T10:13:35Z'
Number of updated asset objects reloaded before import = 0Number of asset objects unloaded after import = 0

========================================================================
Received Import Request.
  Time since last request: 0.000054 seconds.
  path: Assets/Scenes/game.unity
  importAddress: Guid(e4aadcd0be7cf4cc98df6cbd84d80c99) Importer(815301076,1909f56bfc062723c751e8b465ee728b)
Start importing Assets/Scenes/game.unity using Guid(e4aadcd0be7cf4cc98df6cbd84d80c99) Importer(815301076,1909f56bfc062723c751e8b465ee728b) (PreviewImporter) -> (Import Result ID: '00000000000000000000000000000000') in 0.000480459 seconds
Import Error Code:(4)
Message: Build asset version error: assets/scenes/game.unity in SourceAssetDB has modification time of '2026-06-29T09:50:37Z' while content on disk has modification time of '2026-06-29T10:13:35Z'
  ERROR: Build asset version error: assets/scenes/game.unity in SourceAssetDB has modification time of '2026-06-29T09:50:37Z' while content on disk has modification time of '2026-06-29T10:13:35Z'
Number of updated asset objects reloaded before import = 0Number of asset objects unloaded after import = 0

========================================================================
Received Import Request.
  Time since last request: 0.000048 seconds.
  path: Assets/Scenes/game.unity
  importAddress: Guid(e4aadcd0be7cf4cc98df6cbd84d80c99) Importer(815301076,1909f56bfc062723c751e8b465ee728b)
Start importing Assets/Scenes/game.unity using Guid(e4aadcd0be7cf4cc98df6cbd84d80c99) Importer(815301076,1909f56bfc062723c751e8b465ee728b) (PreviewImporter) -> (Import Result ID: '00000000000000000000000000000000') in 0.000515875 seconds
Import Error Code:(4)
Message: Build asset version error: assets/scenes/game.unity in SourceAssetDB has modification time of '2026-06-29T09:50:37Z' while content on disk has modification time of '2026-06-29T10:13:35Z'
  ERROR: Build asset version error: assets/scenes/game.unity in SourceAssetDB has modification time of '2026-06-29T09:50:37Z' while content on disk has modification time of '2026-06-29T10:13:35Z'
Number of updated asset objects reloaded before import = 0Number of asset objects unloaded after import = 0

========================================================================
Received Import Request.
  Time since last request: 0.000059 seconds.
  path: Assets/Scenes/game.unity
  importAddress: Guid(e4aadcd0be7cf4cc98df6cbd84d80c99) Importer(815301076,1909f56bfc062723c751e8b465ee728b)
Start importing Assets/Scenes/game.unity using Guid(e4aadcd0be7cf4cc98df6cbd84d80c99) Importer(815301076,1909f56bfc062723c751e8b465ee728b) (PreviewImporter) -> (Import Result ID: '00000000000000000000000000000000') in 0.000461792 seconds
Import Error Code:(4)
Message: Build asset version error: assets/scenes/game.unity in SourceAssetDB has modification time of '2026-06-29T09:50:37Z' while content on disk has modification time of '2026-06-29T10:13:35Z'
  ERROR: Build asset version error: assets/scenes/game.unity in SourceAssetDB has modification time of '2026-06-29T09:50:37Z' while content on disk has modification time of '2026-06-29T10:13:35Z'
Number of updated asset objects reloaded before import = 0Number of asset objects unloaded after import = 0

========================================================================
Received Import Request.
  Time since last request: 0.000079 seconds.
  path: Assets/Scenes/game.unity
  importAddress: Guid(e4aadcd0be7cf4cc98df6cbd84d80c99) Importer(815301076,1909f56bfc062723c751e8b465ee728b)
Start importing Assets/Scenes/game.unity using Guid(e4aadcd0be7cf4cc98df6cbd84d80c99) Importer(815301076,1909f56bfc062723c751e8b465ee728b) (PreviewImporter) -> (Import Result ID: '00000000000000000000000000000000') in 0.000515583 seconds
Import Error Code:(4)
Message: Build asset version error: assets/scenes/game.unity in SourceAssetDB has modification time of '2026-06-29T09:50:37Z' while content on disk has modification time of '2026-06-29T10:13:35Z'
  ERROR: Build asset version error: assets/scenes/game.unity in SourceAssetDB has modification time of '2026-06-29T09:50:37Z' while content on disk has modification time of '2026-06-29T10:13:35Z'
Number of updated asset objects reloaded before import = 0Number of asset objects unloaded after import = 0

========================================================================
Received Import Request.
  Time since last request: 0.000047 seconds.
  path: Assets/Scenes/game.unity
  importAddress: Guid(e4aadcd0be7cf4cc98df6cbd84d80c99) Importer(815301076,1909f56bfc062723c751e8b465ee728b)
Start importing Assets/Scenes/game.unity using Guid(e4aadcd0be7cf4cc98df6cbd84d80c99) Importer(815301076,1909f56bfc062723c751e8b465ee728b) (PreviewImporter) -> (Import Result ID: '00000000000000000000000000000000') in 0.000474041 seconds
Import Error Code:(4)
Message: Build asset version error: assets/scenes/game.unity in SourceAssetDB has modification time of '2026-06-29T09:50:37Z' while content on disk has modification time of '2026-06-29T10:13:35Z'
  ERROR: Build asset version error: assets/scenes/game.unity in SourceAssetDB has modification time of '2026-06-29T09:50:37Z' while content on disk has modification time of '2026-06-29T10:13:35Z'
Number of updated asset objects reloaded before import = 0Number of asset objects unloaded after import = 0

========================================================================
Received Import Request.
  Time since last request: 0.000053 seconds.
  path: Assets/Scenes/game.unity
  importAddress: Guid(e4aadcd0be7cf4cc98df6cbd84d80c99) Importer(815301076,1909f56bfc062723c751e8b465ee728b)
Start importing Assets/Scenes/game.unity using Guid(e4aadcd0be7cf4cc98df6cbd84d80c99) Importer(815301076,1909f56bfc062723c751e8b465ee728b) (PreviewImporter) -> (Import Result ID: '00000000000000000000000000000000') in 0.000502917 seconds
Import Error Code:(4)
Message: Build asset version error: assets/scenes/game.unity in SourceAssetDB has modification time of '2026-06-29T09:50:37Z' while content on disk has modification time of '2026-06-29T10:13:35Z'
  ERROR: Build asset version error: assets/scenes/game.unity in SourceAssetDB has modification time of '2026-06-29T09:50:37Z' while content on disk has modification time of '2026-06-29T10:13:35Z'
Number of updated asset objects reloaded before import = 0Number of asset objects unloaded after import = 0

========================================================================
Received Import Request.
  Time since last request: 0.000076 seconds.
  path: Assets/Scenes/game.unity
  importAddress: Guid(e4aadcd0be7cf4cc98df6cbd84d80c99) Importer(815301076,1909f56bfc062723c751e8b465ee728b)
Start importing Assets/Scenes/game.unity using Guid(e4aadcd0be7cf4cc98df6cbd84d80c99) Importer(815301076,1909f56bfc062723c751e8b465ee728b) (PreviewImporter) -> (Import Result ID: '00000000000000000000000000000000') in 0.000467125 seconds
Import Error Code:(4)
Message: Build asset version error: assets/scenes/game.unity in SourceAssetDB has modification time of '2026-06-29T09:50:37Z' while content on disk has modification time of '2026-06-29T10:13:35Z'
  ERROR: Build asset version error: assets/scenes/game.unity in SourceAssetDB has modification time of '2026-06-29T09:50:37Z' while content on disk has modification time of '2026-06-29T10:13:35Z'
Number of updated asset objects reloaded before import = 0Number of asset objects unloaded after import = 0

========================================================================
Received Import Request.
  Time since last request: 0.000066 seconds.
  path: Assets/Scenes/game.unity
  importAddress: Guid(e4aadcd0be7cf4cc98df6cbd84d80c99) Importer(815301076,1909f56bfc062723c751e8b465ee728b)
Start importing Assets/Scenes/game.unity using Guid(e4aadcd0be7cf4cc98df6cbd84d80c99) Importer(815301076,1909f56bfc062723c751e8b465ee728b) (PreviewImporter) -> (Import Result ID: '00000000000000000000000000000000') in 0.000481625 seconds
Import Error Code:(4)
Message: Build asset version error: assets/scenes/game.unity in SourceAssetDB has modification time of '2026-06-29T09:50:37Z' while content on disk has modification time of '2026-06-29T10:13:35Z'
  ERROR: Build asset version error: assets/scenes/game.unity in SourceAssetDB has modification time of '2026-06-29T09:50:37Z' while content on disk has modification time of '2026-06-29T10:13:35Z'
Number of updated asset objects reloaded before import = 0Number of asset objects unloaded after import = 0

========================================================================
Received Import Request.
  Time since last request: 0.000077 seconds.
  path: Assets/Scenes/game.unity
  importAddress: Guid(e4aadcd0be7cf4cc98df6cbd84d80c99) Importer(815301076,1909f56bfc062723c751e8b465ee728b)
Start importing Assets/Scenes/game.unity using Guid(e4aadcd0be7cf4cc98df6cbd84d80c99) Importer(815301076,1909f56bfc062723c751e8b465ee728b) (PreviewImporter) -> (Import Result ID: '00000000000000000000000000000000') in 0.000495583 seconds
Import Error Code:(4)
Message: Build asset version error: assets/scenes/game.unity in SourceAssetDB has modification time of '2026-06-29T09:50:37Z' while content on disk has modification time of '2026-06-29T10:13:35Z'
  ERROR: Build asset version error: assets/scenes/game.unity in SourceAssetDB has modification time of '2026-06-29T09:50:37Z' while content on disk has modification time of '2026-06-29T10:13:35Z'
Number of updated asset objects reloaded before import = 0Number of asset objects unloaded after import = 0

========================================================================
Received Import Request.
  Time since last request: 0.000064 seconds.
  path: Assets/Scenes/game.unity
  importAddress: Guid(e4aadcd0be7cf4cc98df6cbd84d80c99) Importer(815301076,1909f56bfc062723c751e8b465ee728b)
Start importing Assets/Scenes/game.unity using Guid(e4aadcd0be7cf4cc98df6cbd84d80c99) Importer(815301076,1909f56bfc062723c751e8b465ee728b) (PreviewImporter) -> (Import Result ID: '00000000000000000000000000000000') in 0.000458208 seconds
Import Error Code:(4)
Message: Build asset version error: assets/scenes/game.unity in SourceAssetDB has modification time of '2026-06-29T09:50:37Z' while content on disk has modification time of '2026-06-29T10:13:35Z'
  ERROR: Build asset version error: assets/scenes/game.unity in SourceAssetDB has modification time of '2026-06-29T09:50:37Z' while content on disk has modification time of '2026-06-29T10:13:35Z'
Number of updated asset objects reloaded before import = 0Number of asset objects unloaded after import = 0

========================================================================
Received Import Request.
  Time since last request: 0.000081 seconds.
  path: Assets/Scenes/game.unity
  importAddress: Guid(e4aadcd0be7cf4cc98df6cbd84d80c99) Importer(815301076,1909f56bfc062723c751e8b465ee728b)
Start importing Assets/Scenes/game.unity using Guid(e4aadcd0be7cf4cc98df6cbd84d80c99) Importer(815301076,1909f56bfc062723c751e8b465ee728b) (PreviewImporter) -> (Import Result ID: '00000000000000000000000000000000') in 0.000446791 seconds
Import Error Code:(4)
Message: Build asset version error: assets/scenes/game.unity in SourceAssetDB has modification time of '2026-06-29T09:50:37Z' while content on disk has modification time of '2026-06-29T10:13:35Z'
  ERROR: Build asset version error: assets/scenes/game.unity in SourceAssetDB has modification time of '2026-06-29T09:50:37Z' while content on disk has modification time of '2026-06-29T10:13:35Z'
Number of updated asset objects reloaded before import = 0Number of asset objects unloaded after import = 0

========================================================================
Received Import Request.
  Time since last request: 0.000063 seconds.
  path: Assets/Scenes/game.unity
  importAddress: Guid(e4aadcd0be7cf4cc98df6cbd84d80c99) Importer(815301076,1909f56bfc062723c751e8b465ee728b)
Start importing Assets/Scenes/game.unity using Guid(e4aadcd0be7cf4cc98df6cbd84d80c99) Importer(815301076,1909f56bfc062723c751e8b465ee728b) (PreviewImporter) -> (Import Result ID: '00000000000000000000000000000000') in 0.000462333 seconds
Import Error Code:(4)
Message: Build asset version error: assets/scenes/game.unity in SourceAssetDB has modification time of '2026-06-29T09:50:37Z' while content on disk has modification time of '2026-06-29T10:13:35Z'
  ERROR: Build asset version error: assets/scenes/game.unity in SourceAssetDB has modification time of '2026-06-29T09:50:37Z' while content on disk has modification time of '2026-06-29T10:13:35Z'
Number of updated asset objects reloaded before import = 0Number of asset objects unloaded after import = 0

========================================================================
Received Import Request.
  Time since last request: 0.000074 seconds.
  path: Assets/Scenes/game.unity
  importAddress: Guid(e4aadcd0be7cf4cc98df6cbd84d80c99) Importer(815301076,1909f56bfc062723c751e8b465ee728b)
Start importing Assets/Scenes/game.unity using Guid(e4aadcd0be7cf4cc98df6cbd84d80c99) Importer(815301076,1909f56bfc062723c751e8b465ee728b) (PreviewImporter) -> (Import Result ID: '00000000000000000000000000000000') in 0.000466708 seconds
Import Error Code:(4)
Message: Build asset version error: assets/scenes/game.unity in SourceAssetDB has modification time of '2026-06-29T09:50:37Z' while content on disk has modification time of '2026-06-29T10:13:35Z'
  ERROR: Build asset version error: assets/scenes/game.unity in SourceAssetDB has modification time of '2026-06-29T09:50:37Z' while content on disk has modification time of '2026-06-29T10:13:35Z'
Number of updated asset objects reloaded before import = 0Number of asset objects unloaded after import = 0

========================================================================
Received Import Request.
  Time since last request: 0.000095 seconds.
  path: Assets/Scenes/game.unity
  importAddress: Guid(e4aadcd0be7cf4cc98df6cbd84d80c99) Importer(815301076,1909f56bfc062723c751e8b465ee728b)
Start importing Assets/Scenes/game.unity using Guid(e4aadcd0be7cf4cc98df6cbd84d80c99) Importer(815301076,1909f56bfc062723c751e8b465ee728b) (PreviewImporter) -> (Import Result ID: '00000000000000000000000000000000') in 0.000463334 seconds
Import Error Code:(4)
Message: Build asset version error: assets/scenes/game.unity in SourceAssetDB has modification time of '2026-06-29T09:50:37Z' while content on disk has modification time of '2026-06-29T10:13:35Z'
  ERROR: Build asset version error: assets/scenes/game.unity in SourceAssetDB has modification time of '2026-06-29T09:50:37Z' while content on disk has modification time of '2026-06-29T10:13:35Z'
Number of updated asset objects reloaded before import = 0Number of asset objects unloaded after import = 0

========================================================================
Received Import Request.
  Time since last request: 0.000070 seconds.
  path: Assets/Scenes/game.unity
  importAddress: Guid(e4aadcd0be7cf4cc98df6cbd84d80c99) Importer(815301076,1909f56bfc062723c751e8b465ee728b)
Start importing Assets/Scenes/game.unity using Guid(e4aadcd0be7cf4cc98df6cbd84d80c99) Importer(815301076,1909f56bfc062723c751e8b465ee728b) (PreviewImporter) -> (Import Result ID: '00000000000000000000000000000000') in 0.000450666 seconds
Import Error Code:(4)
Message: Build asset version error: assets/scenes/game.unity in SourceAssetDB has modification time of '2026-06-29T09:50:37Z' while content on disk has modification time of '2026-06-29T10:13:35Z'
  ERROR: Build asset version error: assets/scenes/game.unity in SourceAssetDB has modification time of '2026-06-29T09:50:37Z' while content on disk has modification time of '2026-06-29T10:13:35Z'
Number of updated asset objects reloaded before import = 0Number of asset objects unloaded after import = 0

========================================================================
Received Import Request.
  Time since last request: 0.000055 seconds.
  path: Assets/Scenes/game.unity
  importAddress: Guid(e4aadcd0be7cf4cc98df6cbd84d80c99) Importer(815301076,1909f56bfc062723c751e8b465ee728b)
Start importing Assets/Scenes/game.unity using Guid(e4aadcd0be7cf4cc98df6cbd84d80c99) Importer(815301076,1909f56bfc062723c751e8b465ee728b) (PreviewImporter) -> (Import Result ID: '00000000000000000000000000000000') in 0.000498125 seconds
Import Error Code:(4)
Message: Build asset version error: assets/scenes/game.unity in SourceAssetDB has modification time of '2026-06-29T09:50:37Z' while content on disk has modification time of '2026-06-29T10:13:35Z'
  ERROR: Build asset version error: assets/scenes/game.unity in SourceAssetDB has modification time of '2026-06-29T09:50:37Z' while content on disk has modification time of '2026-06-29T10:13:35Z'
Number of updated asset objects reloaded before import = 0Number of asset objects unloaded after import = 0

========================================================================
Received Import Request.
  Time since last request: 0.000078 seconds.
  path: Assets/Scenes/game.unity
  importAddress: Guid(e4aadcd0be7cf4cc98df6cbd84d80c99) Importer(815301076,1909f56bfc062723c751e8b465ee728b)
Start importing Assets/Scenes/game.unity using Guid(e4aadcd0be7cf4cc98df6cbd84d80c99) Importer(815301076,1909f56bfc062723c751e8b465ee728b) (PreviewImporter) -> (Import Result ID: '00000000000000000000000000000000') in 0.000467542 seconds
Import Error Code:(4)
Message: Build asset version error: assets/scenes/game.unity in SourceAssetDB has modification time of '2026-06-29T09:50:37Z' while content on disk has modification time of '2026-06-29T10:13:35Z'
  ERROR: Build asset version error: assets/scenes/game.unity in SourceAssetDB has modification time of '2026-06-29T09:50:37Z' while content on disk has modification time of '2026-06-29T10:13:35Z'
Number of updated asset objects reloaded before import = 0Number of asset objects unloaded after import = 0

========================================================================
Received Import Request.
  Time since last request: 0.000068 seconds.
  path: Assets/Scenes/game.unity
  importAddress: Guid(e4aadcd0be7cf4cc98df6cbd84d80c99) Importer(815301076,1909f56bfc062723c751e8b465ee728b)
Start importing Assets/Scenes/game.unity using Guid(e4aadcd0be7cf4cc98df6cbd84d80c99) Importer(815301076,1909f56bfc062723c751e8b465ee728b) (PreviewImporter) -> (Import Result ID: '00000000000000000000000000000000') in 0.000438292 seconds
Import Error Code:(4)
Message: Build asset version error: assets/scenes/game.unity in SourceAssetDB has modification time of '2026-06-29T09:50:37Z' while content on disk has modification time of '2026-06-29T10:13:35Z'
  ERROR: Build asset version error: assets/scenes/game.unity in SourceAssetDB has modification time of '2026-06-29T09:50:37Z' while content on disk has modification time of '2026-06-29T10:13:35Z'
Number of updated asset objects reloaded before import = 0Number of asset objects unloaded after import = 0

========================================================================
Received Import Request.
  Time since last request: 0.000048 seconds.
  path: Assets/Scenes/game.unity
  importAddress: Guid(e4aadcd0be7cf4cc98df6cbd84d80c99) Importer(815301076,1909f56bfc062723c751e8b465ee728b)
Start importing Assets/Scenes/game.unity using Guid(e4aadcd0be7cf4cc98df6cbd84d80c99) Importer(815301076,1909f56bfc062723c751e8b465ee728b) (PreviewImporter) -> (Import Result ID: '00000000000000000000000000000000') in 0.000515584 seconds
Import Error Code:(4)
Message: Build asset version error: assets/scenes/game.unity in SourceAssetDB has modification time of '2026-06-29T09:50:37Z' while content on disk has modification time of '2026-06-29T10:13:35Z'
  ERROR: Build asset version error: assets/scenes/game.unity in SourceAssetDB has modification time of '2026-06-29T09:50:37Z' while content on disk has modification time of '2026-06-29T10:13:35Z'
Number of updated asset objects reloaded before import = 0Number of asset objects unloaded after import = 0

========================================================================
Received Import Request.
  Time since last request: 0.000057 seconds.
  path: Assets/Scenes/game.unity
  importAddress: Guid(e4aadcd0be7cf4cc98df6cbd84d80c99) Importer(815301076,1909f56bfc062723c751e8b465ee728b)
Start importing Assets/Scenes/game.unity using Guid(e4aadcd0be7cf4cc98df6cbd84d80c99) Importer(815301076,1909f56bfc062723c751e8b465ee728b) (PreviewImporter) -> (Import Result ID: '00000000000000000000000000000000') in 0.000453 seconds
Import Error Code:(4)
Message: Build asset version error: assets/scenes/game.unity in SourceAssetDB has modification time of '2026-06-29T09:50:37Z' while content on disk has modification time of '2026-06-29T10:13:35Z'
  ERROR: Build asset version error: assets/scenes/game.unity in SourceAssetDB has modification time of '2026-06-29T09:50:37Z' while content on disk has modification time of '2026-06-29T10:13:35Z'
Number of updated asset objects reloaded before import = 0Number of asset objects unloaded after import = 0

========================================================================
Received Import Request.
  Time since last request: 0.000063 seconds.
  path: Assets/Scenes/game.unity
  importAddress: Guid(e4aadcd0be7cf4cc98df6cbd84d80c99) Importer(815301076,1909f56bfc062723c751e8b465ee728b)
Start importing Assets/Scenes/game.unity using Guid(e4aadcd0be7cf4cc98df6cbd84d80c99) Importer(815301076,1909f56bfc062723c751e8b465ee728b) (PreviewImporter) -> (Import Result ID: '00000000000000000000000000000000') in 0.000456667 seconds
Import Error Code:(4)
Message: Build asset version error: assets/scenes/game.unity in SourceAssetDB has modification time of '2026-06-29T09:50:37Z' while content on disk has modification time of '2026-06-29T10:13:35Z'
  ERROR: Build asset version error: assets/scenes/game.unity in SourceAssetDB has modification time of '2026-06-29T09:50:37Z' while content on disk has modification time of '2026-06-29T10:13:35Z'
Number of updated asset objects reloaded before import = 0Number of asset objects unloaded after import = 0

========================================================================
Received Import Request.
  Time since last request: 0.000050 seconds.
  path: Assets/Scenes/game.unity
  importAddress: Guid(e4aadcd0be7cf4cc98df6cbd84d80c99) Importer(815301076,1909f56bfc062723c751e8b465ee728b)
Start importing Assets/Scenes/game.unity using Guid(e4aadcd0be7cf4cc98df6cbd84d80c99) Importer(815301076,1909f56bfc062723c751e8b465ee728b) (PreviewImporter) -> (Import Result ID: '00000000000000000000000000000000') in 0.000513042 seconds
Import Error Code:(4)
Message: Build asset version error: assets/scenes/game.unity in SourceAssetDB has modification time of '2026-06-29T09:50:37Z' while content on disk has modification time of '2026-06-29T10:13:35Z'
  ERROR: Build asset version error: assets/scenes/game.unity in SourceAssetDB has modification time of '2026-06-29T09:50:37Z' while content on disk has modification time of '2026-06-29T10:13:35Z'
Number of updated asset objects reloaded before import = 0Number of asset objects unloaded after import = 0

========================================================================
Received Import Request.
  Time since last request: 0.000078 seconds.
  path: Assets/Scenes/game.unity
  importAddress: Guid(e4aadcd0be7cf4cc98df6cbd84d80c99) Importer(815301076,1909f56bfc062723c751e8b465ee728b)
Start importing Assets/Scenes/game.unity using Guid(e4aadcd0be7cf4cc98df6cbd84d80c99) Importer(815301076,1909f56bfc062723c751e8b465ee728b) (PreviewImporter) -> (Import Result ID: '00000000000000000000000000000000') in 0.000508125 seconds
Import Error Code:(4)
Message: Build asset version error: assets/scenes/game.unity in SourceAssetDB has modification time of '2026-06-29T09:50:37Z' while content on disk has modification time of '2026-06-29T10:13:35Z'
  ERROR: Build asset version error: assets/scenes/game.unity in SourceAssetDB has modification time of '2026-06-29T09:50:37Z' while content on disk has modification time of '2026-06-29T10:13:35Z'
Number of updated asset objects reloaded before import = 0Number of asset objects unloaded after import = 0

========================================================================
Received Import Request.
  Time since last request: 0.000051 seconds.
  path: Assets/Scenes/game.unity
  importAddress: Guid(e4aadcd0be7cf4cc98df6cbd84d80c99) Importer(815301076,1909f56bfc062723c751e8b465ee728b)
Start importing Assets/Scenes/game.unity using Guid(e4aadcd0be7cf4cc98df6cbd84d80c99) Importer(815301076,1909f56bfc062723c751e8b465ee728b) (PreviewImporter) -> (Import Result ID: '00000000000000000000000000000000') in 0.000459334 seconds
Import Error Code:(4)
Message: Build asset version error: assets/scenes/game.unity in SourceAssetDB has modification time of '2026-06-29T09:50:37Z' while content on disk has modification time of '2026-06-29T10:13:35Z'
  ERROR: Build asset version error: assets/scenes/game.unity in SourceAssetDB has modification time of '2026-06-29T09:50:37Z' while content on disk has modification time of '2026-06-29T10:13:35Z'
Number of updated asset objects reloaded before import = 0Number of asset objects unloaded after import = 0

========================================================================
Received Import Request.
  Time since last request: 0.000058 seconds.
  path: Assets/Scenes/game.unity
  importAddress: Guid(e4aadcd0be7cf4cc98df6cbd84d80c99) Importer(815301076,1909f56bfc062723c751e8b465ee728b)
Start importing Assets/Scenes/game.unity using Guid(e4aadcd0be7cf4cc98df6cbd84d80c99) Importer(815301076,1909f56bfc062723c751e8b465ee728b) (PreviewImporter) -> (Import Result ID: '00000000000000000000000000000000') in 0.000544083 seconds
Import Error Code:(4)
Message: Build asset version error: assets/scenes/game.unity in SourceAssetDB has modification time of '2026-06-29T09:50:37Z' while content on disk has modification time of '2026-06-29T10:13:35Z'
  ERROR: Build asset version error: assets/scenes/game.unity in SourceAssetDB has modification time of '2026-06-29T09:50:37Z' while content on disk has modification time of '2026-06-29T10:13:35Z'
Number of updated asset objects reloaded before import = 0Number of asset objects unloaded after import = 0

========================================================================
Received Import Request.
  Time since last request: 0.000063 seconds.
  path: Assets/Scenes/game.unity
  importAddress: Guid(e4aadcd0be7cf4cc98df6cbd84d80c99) Importer(815301076,1909f56bfc062723c751e8b465ee728b)
Start importing Assets/Scenes/game.unity using Guid(e4aadcd0be7cf4cc98df6cbd84d80c99) Importer(815301076,1909f56bfc062723c751e8b465ee728b) (PreviewImporter) -> (Import Result ID: '00000000000000000000000000000000') in 0.000465083 seconds
Import Error Code:(4)
Message: Build asset version error: assets/scenes/game.unity in SourceAssetDB has modification time of '2026-06-29T09:50:37Z' while content on disk has modification time of '2026-06-29T10:13:35Z'
  ERROR: Build asset version error: assets/scenes/game.unity in SourceAssetDB has modification time of '2026-06-29T09:50:37Z' while content on disk has modification time of '2026-06-29T10:13:35Z'
Number of updated asset objects reloaded before import = 0Number of asset objects unloaded after import = 0

========================================================================
Received Import Request.
  Time since last request: 0.000057 seconds.
  path: Assets/Scenes/game.unity
  importAddress: Guid(e4aadcd0be7cf4cc98df6cbd84d80c99) Importer(815301076,1909f56bfc062723c751e8b465ee728b)
Start importing Assets/Scenes/game.unity using Guid(e4aadcd0be7cf4cc98df6cbd84d80c99) Importer(815301076,1909f56bfc062723c751e8b465ee728b) (PreviewImporter) -> (Import Result ID: '00000000000000000000000000000000') in 0.000508 seconds
Import Error Code:(4)
Message: Build asset version error: assets/scenes/game.unity in SourceAssetDB has modification time of '2026-06-29T09:50:37Z' while content on disk has modification time of '2026-06-29T10:13:35Z'
  ERROR: Build asset version error: assets/scenes/game.unity in SourceAssetDB has modification time of '2026-06-29T09:50:37Z' while content on disk has modification time of '2026-06-29T10:13:35Z'
Number of updated asset objects reloaded before import = 0Number of asset objects unloaded after import = 0

========================================================================
Received Import Request.
  Time since last request: 0.000064 seconds.
  path: Assets/Scenes/game.unity
  importAddress: Guid(e4aadcd0be7cf4cc98df6cbd84d80c99) Importer(815301076,1909f56bfc062723c751e8b465ee728b)
Start importing Assets/Scenes/game.unity using Guid(e4aadcd0be7cf4cc98df6cbd84d80c99) Importer(815301076,1909f56bfc062723c751e8b465ee728b) (PreviewImporter) -> (Import Result ID: '00000000000000000000000000000000') in 0.000502625 seconds
Import Error Code:(4)
Message: Build asset version error: assets/scenes/game.unity in SourceAssetDB has modification time of '2026-06-29T09:50:37Z' while content on disk has modification time of '2026-06-29T10:13:35Z'
  ERROR: Build asset version error: assets/scenes/game.unity in SourceAssetDB has modification time of '2026-06-29T09:50:37Z' while content on disk has modification time of '2026-06-29T10:13:35Z'
Number of updated asset objects reloaded before import = 0Number of asset objects unloaded after import = 0

========================================================================
Received Import Request.
  Time since last request: 0.000125 seconds.
  path: Assets/Scenes/game.unity
  importAddress: Guid(e4aadcd0be7cf4cc98df6cbd84d80c99) Importer(815301076,1909f56bfc062723c751e8b465ee728b)
Start importing Assets/Scenes/game.unity using Guid(e4aadcd0be7cf4cc98df6cbd84d80c99) Importer(815301076,1909f56bfc062723c751e8b465ee728b) (PreviewImporter) -> (Import Result ID: '00000000000000000000000000000000') in 0.00049375 seconds
Import Error Code:(4)
Message: Build asset version error: assets/scenes/game.unity in SourceAssetDB has modification time of '2026-06-29T09:50:37Z' while content on disk has modification time of '2026-06-29T10:13:35Z'
  ERROR: Build asset version error: assets/scenes/game.unity in SourceAssetDB has modification time of '2026-06-29T09:50:37Z' while content on disk has modification time of '2026-06-29T10:13:35Z'
Number of updated asset objects reloaded before import = 0Number of asset objects unloaded after import = 0

========================================================================
Received Import Request.
  Time since last request: 0.000081 seconds.
  path: Assets/Scenes/game.unity
  importAddress: Guid(e4aadcd0be7cf4cc98df6cbd84d80c99) Importer(815301076,1909f56bfc062723c751e8b465ee728b)
Start importing Assets/Scenes/game.unity using Guid(e4aadcd0be7cf4cc98df6cbd84d80c99) Importer(815301076,1909f56bfc062723c751e8b465ee728b) (PreviewImporter) -> (Import Result ID: '00000000000000000000000000000000') in 0.000439625 seconds
Import Error Code:(4)
Message: Build asset version error: assets/scenes/game.unity in SourceAssetDB has modification time of '2026-06-29T09:50:37Z' while content on disk has modification time of '2026-06-29T10:13:35Z'
  ERROR: Build asset version error: assets/scenes/game.unity in SourceAssetDB has modification time of '2026-06-29T09:50:37Z' while content on disk has modification time of '2026-06-29T10:13:35Z'
Number of updated asset objects reloaded before import = 0Number of asset objects unloaded after import = 0

========================================================================
Received Import Request.
  Time since last request: 0.000085 seconds.
  path: Assets/Scenes/game.unity
  importAddress: Guid(e4aadcd0be7cf4cc98df6cbd84d80c99) Importer(815301076,1909f56bfc062723c751e8b465ee728b)
Start importing Assets/Scenes/game.unity using Guid(e4aadcd0be7cf4cc98df6cbd84d80c99) Importer(815301076,1909f56bfc062723c751e8b465ee728b) (PreviewImporter) -> (Import Result ID: '00000000000000000000000000000000') in 0.000518833 seconds
Import Error Code:(4)
Message: Build asset version error: assets/scenes/game.unity in SourceAssetDB has modification time of '2026-06-29T09:50:37Z' while content on disk has modification time of '2026-06-29T10:13:35Z'
  ERROR: Build asset version error: assets/scenes/game.unity in SourceAssetDB has modification time of '2026-06-29T09:50:37Z' while content on disk has modification time of '2026-06-29T10:13:35Z'
Number of updated asset objects reloaded before import = 0Number of asset objects unloaded after import = 0

========================================================================
Received Import Request.
  Time since last request: 0.000067 seconds.
  path: Assets/Scenes/game.unity
  importAddress: Guid(e4aadcd0be7cf4cc98df6cbd84d80c99) Importer(815301076,1909f56bfc062723c751e8b465ee728b)
Start importing Assets/Scenes/game.unity using Guid(e4aadcd0be7cf4cc98df6cbd84d80c99) Importer(815301076,1909f56bfc062723c751e8b465ee728b) (PreviewImporter) -> (Import Result ID: '00000000000000000000000000000000') in 0.000454416 seconds
Import Error Code:(4)
Message: Build asset version error: assets/scenes/game.unity in SourceAssetDB has modification time of '2026-06-29T09:50:37Z' while content on disk has modification time of '2026-06-29T10:13:35Z'
  ERROR: Build asset version error: assets/scenes/game.unity in SourceAssetDB has modification time of '2026-06-29T09:50:37Z' while content on disk has modification time of '2026-06-29T10:13:35Z'
Number of updated asset objects reloaded before import = 0Number of asset objects unloaded after import = 0

========================================================================
Received Import Request.
  Time since last request: 0.000054 seconds.
  path: Assets/Scenes/game.unity
  importAddress: Guid(e4aadcd0be7cf4cc98df6cbd84d80c99) Importer(815301076,1909f56bfc062723c751e8b465ee728b)
Start importing Assets/Scenes/game.unity using Guid(e4aadcd0be7cf4cc98df6cbd84d80c99) Importer(815301076,1909f56bfc062723c751e8b465ee728b) (PreviewImporter) -> (Import Result ID: '00000000000000000000000000000000') in 0.000540708 seconds
Import Error Code:(4)
Message: Build asset version error: assets/scenes/game.unity in SourceAssetDB has modification time of '2026-06-29T09:50:37Z' while content on disk has modification time of '2026-06-29T10:13:35Z'
  ERROR: Build asset version error: assets/scenes/game.unity in SourceAssetDB has modification time of '2026-06-29T09:50:37Z' while content on disk has modification time of '2026-06-29T10:13:35Z'
Number of updated asset objects reloaded before import = 0Number of asset objects unloaded after import = 0

========================================================================
Received Import Request.
  Time since last request: 0.000058 seconds.
  path: Assets/Scenes/game.unity
  importAddress: Guid(e4aadcd0be7cf4cc98df6cbd84d80c99) Importer(815301076,1909f56bfc062723c751e8b465ee728b)
Start importing Assets/Scenes/game.unity using Guid(e4aadcd0be7cf4cc98df6cbd84d80c99) Importer(815301076,1909f56bfc062723c751e8b465ee728b) (PreviewImporter) -> (Import Result ID: '00000000000000000000000000000000') in 0.000495167 seconds
Import Error Code:(4)
Message: Build asset version error: assets/scenes/game.unity in SourceAssetDB has modification time of '2026-06-29T09:50:37Z' while content on disk has modification time of '2026-06-29T10:13:35Z'
  ERROR: Build asset version error: assets/scenes/game.unity in SourceAssetDB has modification time of '2026-06-29T09:50:37Z' while content on disk has modification time of '2026-06-29T10:13:35Z'
Number of updated asset objects reloaded before import = 0Number of asset objects unloaded after import = 0

========================================================================
Received Import Request.
  Time since last request: 0.000089 seconds.
  path: Assets/Scenes/game.unity
  importAddress: Guid(e4aadcd0be7cf4cc98df6cbd84d80c99) Importer(815301076,1909f56bfc062723c751e8b465ee728b)
Start importing Assets/Scenes/game.unity using Guid(e4aadcd0be7cf4cc98df6cbd84d80c99) Importer(815301076,1909f56bfc062723c751e8b465ee728b) (PreviewImporter) -> (Import Result ID: '00000000000000000000000000000000') in 0.000477375 seconds
Import Error Code:(4)
Message: Build asset version error: assets/scenes/game.unity in SourceAssetDB has modification time of '2026-06-29T09:50:37Z' while content on disk has modification time of '2026-06-29T10:13:35Z'
  ERROR: Build asset version error: assets/scenes/game.unity in SourceAssetDB has modification time of '2026-06-29T09:50:37Z' while content on disk has modification time of '2026-06-29T10:13:35Z'
Number of updated asset objects reloaded before import = 0Number of asset objects unloaded after import = 0

========================================================================
Received Import Request.
  Time since last request: 0.000047 seconds.
  path: Assets/Scenes/game.unity
  importAddress: Guid(e4aadcd0be7cf4cc98df6cbd84d80c99) Importer(815301076,1909f56bfc062723c751e8b465ee728b)
Start importing Assets/Scenes/game.unity using Guid(e4aadcd0be7cf4cc98df6cbd84d80c99) Importer(815301076,1909f56bfc062723c751e8b465ee728b) (PreviewImporter) -> (Import Result ID: '00000000000000000000000000000000') in 0.000447875 seconds
Import Error Code:(4)
Message: Build asset version error: assets/scenes/game.unity in SourceAssetDB has modification time of '2026-06-29T09:50:37Z' while content on disk has modification time of '2026-06-29T10:13:35Z'
  ERROR: Build asset version error: assets/scenes/game.unity in SourceAssetDB has modification time of '2026-06-29T09:50:37Z' while content on disk has modification time of '2026-06-29T10:13:35Z'
Number of updated asset objects reloaded before import = 0Number of asset objects unloaded after import = 0

========================================================================
Received Import Request.
  Time since last request: 0.000073 seconds.
  path: Assets/Scenes/game.unity
  importAddress: Guid(e4aadcd0be7cf4cc98df6cbd84d80c99) Importer(815301076,1909f56bfc062723c751e8b465ee728b)
Start importing Assets/Scenes/game.unity using Guid(e4aadcd0be7cf4cc98df6cbd84d80c99) Importer(815301076,1909f56bfc062723c751e8b465ee728b) (PreviewImporter) -> (Import Result ID: '00000000000000000000000000000000') in 0.000453084 seconds
Import Error Code:(4)
Message: Build asset version error: assets/scenes/game.unity in SourceAssetDB has modification time of '2026-06-29T09:50:37Z' while content on disk has modification time of '2026-06-29T10:13:35Z'
  ERROR: Build asset version error: assets/scenes/game.unity in SourceAssetDB has modification time of '2026-06-29T09:50:37Z' while content on disk has modification time of '2026-06-29T10:13:35Z'
Number of updated asset objects reloaded before import = 0Number of asset objects unloaded after import = 0

========================================================================
Received Import Request.
  Time since last request: 0.000056 seconds.
  path: Assets/Scenes/game.unity
  importAddress: Guid(e4aadcd0be7cf4cc98df6cbd84d80c99) Importer(815301076,1909f56bfc062723c751e8b465ee728b)
Start importing Assets/Scenes/game.unity using Guid(e4aadcd0be7cf4cc98df6cbd84d80c99) Importer(815301076,1909f56bfc062723c751e8b465ee728b) (PreviewImporter) -> (Import Result ID: '00000000000000000000000000000000') in 0.000506666 seconds
Import Error Code:(4)
Message: Build asset version error: assets/scenes/game.unity in SourceAssetDB has modification time of '2026-06-29T09:50:37Z' while content on disk has modification time of '2026-06-29T10:13:35Z'
  ERROR: Build asset version error: assets/scenes/game.unity in SourceAssetDB has modification time of '2026-06-29T09:50:37Z' while content on disk has modification time of '2026-06-29T10:13:35Z'
Number of updated asset objects reloaded before import = 0Number of asset objects unloaded after import = 0

========================================================================
Received Import Request.
  Time since last request: 0.000062 seconds.
  path: Assets/Scenes/game.unity
  importAddress: Guid(e4aadcd0be7cf4cc98df6cbd84d80c99) Importer(815301076,1909f56bfc062723c751e8b465ee728b)
Start importing Assets/Scenes/game.unity using Guid(e4aadcd0be7cf4cc98df6cbd84d80c99) Importer(815301076,1909f56bfc062723c751e8b465ee728b) (PreviewImporter) -> (Import Result ID: '00000000000000000000000000000000') in 0.000447167 seconds
Import Error Code:(4)
Message: Build asset version error: assets/scenes/game.unity in SourceAssetDB has modification time of '2026-06-29T09:50:37Z' while content on disk has modification time of '2026-06-29T10:13:35Z'
  ERROR: Build asset version error: assets/scenes/game.unity in SourceAssetDB has modification time of '2026-06-29T09:50:37Z' while content on disk has modification time of '2026-06-29T10:13:35Z'
Number of updated asset objects reloaded before import = 0Number of asset objects unloaded after import = 0

========================================================================
Received Import Request.
  Time since last request: 0.000080 seconds.
  path: Assets/Scenes/game.unity
  importAddress: Guid(e4aadcd0be7cf4cc98df6cbd84d80c99) Importer(815301076,1909f56bfc062723c751e8b465ee728b)
Start importing Assets/Scenes/game.unity using Guid(e4aadcd0be7cf4cc98df6cbd84d80c99) Importer(815301076,1909f56bfc062723c751e8b465ee728b) (PreviewImporter) -> (Import Result ID: '00000000000000000000000000000000') in 0.00044475 seconds
Import Error Code:(4)
Message: Build asset version error: assets/scenes/game.unity in SourceAssetDB has modification time of '2026-06-29T09:50:37Z' while content on disk has modification time of '2026-06-29T10:13:35Z'
  ERROR: Build asset version error: assets/scenes/game.unity in SourceAssetDB has modification time of '2026-06-29T09:50:37Z' while content on disk has modification time of '2026-06-29T10:13:35Z'
Number of updated asset objects reloaded before import = 0Number of asset objects unloaded after import = 0

========================================================================
Received Import Request.
  Time since last request: 0.000051 seconds.
  path: Assets/Scenes/game.unity
  importAddress: Guid(e4aadcd0be7cf4cc98df6cbd84d80c99) Importer(815301076,1909f56bfc062723c751e8b465ee728b)
Start importing Assets/Scenes/game.unity using Guid(e4aadcd0be7cf4cc98df6cbd84d80c99) Importer(815301076,1909f56bfc062723c751e8b465ee728b) (PreviewImporter) -> (Import Result ID: '00000000000000000000000000000000') in 0.000474417 seconds
Import Error Code:(4)
Message: Build asset version error: assets/scenes/game.unity in SourceAssetDB has modification time of '2026-06-29T09:50:37Z' while content on disk has modification time of '2026-06-29T10:13:35Z'
  ERROR: Build asset version error: assets/scenes/game.unity in SourceAssetDB has modification time of '2026-06-29T09:50:37Z' while content on disk has modification time of '2026-06-29T10:13:35Z'
Number of updated asset objects reloaded before import = 0Number of asset objects unloaded after import = 0

========================================================================
Received Import Request.
  Time since last request: 0.000051 seconds.
  path: Assets/Scenes/game.unity
  importAddress: Guid(e4aadcd0be7cf4cc98df6cbd84d80c99) Importer(815301076,1909f56bfc062723c751e8b465ee728b)
Start importing Assets/Scenes/game.unity using Guid(e4aadcd0be7cf4cc98df6cbd84d80c99) Importer(815301076,1909f56bfc062723c751e8b465ee728b) (PreviewImporter) -> (Import Result ID: '00000000000000000000000000000000') in 0.000477125 seconds
Import Error Code:(4)
Message: Build asset version error: assets/scenes/game.unity in SourceAssetDB has modification time of '2026-06-29T09:50:37Z' while content on disk has modification time of '2026-06-29T10:13:35Z'
  ERROR: Build asset version error: assets/scenes/game.unity in SourceAssetDB has modification time of '2026-06-29T09:50:37Z' while content on disk has modification time of '2026-06-29T10:13:35Z'
Number of updated asset objects reloaded before import = 0Number of asset objects unloaded after import = 0

========================================================================
Received Import Request.
  Time since last request: 0.000078 seconds.
  path: Assets/Scenes/game.unity
  importAddress: Guid(e4aadcd0be7cf4cc98df6cbd84d80c99) Importer(815301076,1909f56bfc062723c751e8b465ee728b)
Start importing Assets/Scenes/game.unity using Guid(e4aadcd0be7cf4cc98df6cbd84d80c99) Importer(815301076,1909f56bfc062723c751e8b465ee728b) (PreviewImporter) -> (Import Result ID: '00000000000000000000000000000000') in 0.000478917 seconds
Import Error Code:(4)
Message: Build asset version error: assets/scenes/game.unity in SourceAssetDB has modification time of '2026-06-29T09:50:37Z' while content on disk has modification time of '2026-06-29T10:13:35Z'
  ERROR: Build asset version error: assets/scenes/game.unity in SourceAssetDB has modification time of '2026-06-29T09:50:37Z' while content on disk has modification time of '2026-06-29T10:13:35Z'
Number of updated asset objects reloaded before import = 0Number of asset objects unloaded after import = 0

========================================================================
Received Import Request.
  Time since last request: 0.000046 seconds.
  path: Assets/Scenes/game.unity
  importAddress: Guid(e4aadcd0be7cf4cc98df6cbd84d80c99) Importer(815301076,1909f56bfc062723c751e8b465ee728b)
Start importing Assets/Scenes/game.unity using Guid(e4aadcd0be7cf4cc98df6cbd84d80c99) Importer(815301076,1909f56bfc062723c751e8b465ee728b) (PreviewImporter) -> (Import Result ID: '00000000000000000000000000000000') in 0.000468667 seconds
Import Error Code:(4)
Message: Build asset version error: assets/scenes/game.unity in SourceAssetDB has modification time of '2026-06-29T09:50:37Z' while content on disk has modification time of '2026-06-29T10:13:35Z'
  ERROR: Build asset version error: assets/scenes/game.unity in SourceAssetDB has modification time of '2026-06-29T09:50:37Z' while content on disk has modification time of '2026-06-29T10:13:35Z'
Number of updated asset objects reloaded before import = 0Number of asset objects unloaded after import = 0

========================================================================
Received Import Request.
  Time since last request: 0.000080 seconds.
  path: Assets/Scenes/game.unity
  importAddress: Guid(e4aadcd0be7cf4cc98df6cbd84d80c99) Importer(815301076,1909f56bfc062723c751e8b465ee728b)
Start importing Assets/Scenes/game.unity using Guid(e4aadcd0be7cf4cc98df6cbd84d80c99) Importer(815301076,1909f56bfc062723c751e8b465ee728b) (PreviewImporter) -> (Import Result ID: '00000000000000000000000000000000') in 0.000576959 seconds
Import Error Code:(4)
Message: Build asset version error: assets/scenes/game.unity in SourceAssetDB has modification time of '2026-06-29T09:50:37Z' while content on disk has modification time of '2026-06-29T10:13:35Z'
  ERROR: Build asset version error: assets/scenes/game.unity in SourceAssetDB has modification time of '2026-06-29T09:50:37Z' while content on disk has modification time of '2026-06-29T10:13:35Z'
Number of updated asset objects reloaded before import = 0Number of asset objects unloaded after import = 0

========================================================================
Received Import Request.
  Time since last request: 0.012825 seconds.
  path: Assets/Scenes/game.unity
  importAddress: Guid(e4aadcd0be7cf4cc98df6cbd84d80c99) Importer(815301076,1909f56bfc062723c751e8b465ee728b)
Start importing Assets/Scenes/game.unity using Guid(e4aadcd0be7cf4cc98df6cbd84d80c99) Importer(815301076,1909f56bfc062723c751e8b465ee728b) (PreviewImporter) -> (Import Result ID: '00000000000000000000000000000000') in 0.000458083 seconds
Import Error Code:(4)
Message: Build asset version error: assets/scenes/game.unity in SourceAssetDB has modification time of '2026-06-29T09:50:37Z' while content on disk has modification time of '2026-06-29T10:13:35Z'
  ERROR: Build asset version error: assets/scenes/game.unity in SourceAssetDB has modification time of '2026-06-29T09:50:37Z' while content on disk has modification time of '2026-06-29T10:13:35Z'
Number of updated asset objects reloaded before import = 0Number of asset objects unloaded after import = 0

========================================================================
Received Import Request.
  Time since last request: 0.000080 seconds.
  path: Assets/Scenes/game.unity
  importAddress: Guid(e4aadcd0be7cf4cc98df6cbd84d80c99) Importer(815301076,1909f56bfc062723c751e8b465ee728b)
Start importing Assets/Scenes/game.unity using Guid(e4aadcd0be7cf4cc98df6cbd84d80c99) Importer(815301076,1909f56bfc062723c751e8b465ee728b) (PreviewImporter) -> (Import Result ID: '00000000000000000000000000000000') in 0.000472417 seconds
Import Error Code:(4)
Message: Build asset version error: assets/scenes/game.unity in SourceAssetDB has modification time of '2026-06-29T09:50:37Z' while content on disk has modification time of '2026-06-29T10:13:35Z'
  ERROR: Build asset version error: assets/scenes/game.unity in SourceAssetDB has modification time of '2026-06-29T09:50:37Z' while content on disk has modification time of '2026-06-29T10:13:35Z'
Number of updated asset objects reloaded before import = 0Number of asset objects unloaded after import = 0

========================================================================
Received Import Request.
  Time since last request: 0.000080 seconds.
  path: Assets/Scenes/game.unity
  importAddress: Guid(e4aadcd0be7cf4cc98df6cbd84d80c99) Importer(815301076,1909f56bfc062723c751e8b465ee728b)
Start importing Assets/Scenes/game.unity using Guid(e4aadcd0be7cf4cc98df6cbd84d80c99) Importer(815301076,1909f56bfc062723c751e8b465ee728b) (PreviewImporter) -> (Import Result ID: '00000000000000000000000000000000') in 0.00048325 seconds
Import Error Code:(4)
Message: Build asset version error: assets/scenes/game.unity in SourceAssetDB has modification time of '2026-06-29T09:50:37Z' while content on disk has modification time of '2026-06-29T10:13:35Z'
  ERROR: Build asset version error: assets/scenes/game.unity in SourceAssetDB has modification time of '2026-06-29T09:50:37Z' while content on disk has modification time of '2026-06-29T10:13:35Z'
Number of updated asset objects reloaded before import = 0Number of asset objects unloaded after import = 0

========================================================================
Received Import Request.
  Time since last request: 0.000059 seconds.
  path: Assets/Scenes/game.unity
  importAddress: Guid(e4aadcd0be7cf4cc98df6cbd84d80c99) Importer(815301076,1909f56bfc062723c751e8b465ee728b)
Start importing Assets/Scenes/game.unity using Guid(e4aadcd0be7cf4cc98df6cbd84d80c99) Importer(815301076,1909f56bfc062723c751e8b465ee728b) (PreviewImporter) -> (Import Result ID: '00000000000000000000000000000000') in 0.000579417 seconds
Import Error Code:(4)
Message: Build asset version error: assets/scenes/game.unity in SourceAssetDB has modification time of '2026-06-29T09:50:37Z' while content on disk has modification time of '2026-06-29T10:13:35Z'
  ERROR: Build asset version error: assets/scenes/game.unity in SourceAssetDB has modification time of '2026-06-29T09:50:37Z' while content on disk has modification time of '2026-06-29T10:13:35Z'
Number of updated asset objects reloaded before import = 0Number of asset objects unloaded after import = 0

========================================================================
Received Import Request.
  Time since last request: 0.000141 seconds.
  path: Assets/Scenes/game.unity
  importAddress: Guid(e4aadcd0be7cf4cc98df6cbd84d80c99) Importer(815301076,1909f56bfc062723c751e8b465ee728b)
Start importing Assets/Scenes/game.unity using Guid(e4aadcd0be7cf4cc98df6cbd84d80c99) Importer(815301076,1909f56bfc062723c751e8b465ee728b) (PreviewImporter) -> (Import Result ID: '00000000000000000000000000000000') in 0.000562958 seconds
Import Error Code:(4)
Message: Build asset version error: assets/scenes/game.unity in SourceAssetDB has modification time of '2026-06-29T09:50:37Z' while content on disk has modification time of '2026-06-29T10:13:35Z'
  ERROR: Build asset version error: assets/scenes/game.unity in SourceAssetDB has modification time of '2026-06-29T09:50:37Z' while content on disk has modification time of '2026-06-29T10:13:35Z'
Number of updated asset objects reloaded before import = 0Number of asset objects unloaded after import = 0

========================================================================
Received Import Request.
  Time since last request: 0.000094 seconds.
  path: Assets/Scenes/game.unity
  importAddress: Guid(e4aadcd0be7cf4cc98df6cbd84d80c99) Importer(815301076,1909f56bfc062723c751e8b465ee728b)
Start importing Assets/Scenes/game.unity using Guid(e4aadcd0be7cf4cc98df6cbd84d80c99) Importer(815301076,1909f56bfc062723c751e8b465ee728b) (PreviewImporter) -> (Import Result ID: '00000000000000000000000000000000') in 0.000530542 seconds
Import Error Code:(4)
Message: Build asset version error: assets/scenes/game.unity in SourceAssetDB has modification time of '2026-06-29T09:50:37Z' while content on disk has modification time of '2026-06-29T10:13:35Z'
  ERROR: Build asset version error: assets/scenes/game.unity in SourceAssetDB has modification time of '2026-06-29T09:50:37Z' while content on disk has modification time of '2026-06-29T10:13:35Z'
Number of updated asset objects reloaded before import = 0Number of asset objects unloaded after import = 0

========================================================================
Received Import Request.
  Time since last request: 0.000110 seconds.
  path: Assets/Scenes/game.unity
  importAddress: Guid(e4aadcd0be7cf4cc98df6cbd84d80c99) Importer(815301076,1909f56bfc062723c751e8b465ee728b)
Start importing Assets/Scenes/game.unity using Guid(e4aadcd0be7cf4cc98df6cbd84d80c99) Importer(815301076,1909f56bfc062723c751e8b465ee728b) (PreviewImporter) -> (Import Result ID: '00000000000000000000000000000000') in 0.000453792 seconds
Import Error Code:(4)
Message: Build asset version error: assets/scenes/game.unity in SourceAssetDB has modification time of '2026-06-29T09:50:37Z' while content on disk has modification time of '2026-06-29T10:13:35Z'
  ERROR: Build asset version error: assets/scenes/game.unity in SourceAssetDB has modification time of '2026-06-29T09:50:37Z' while content on disk has modification time of '2026-06-29T10:13:35Z'
Number of updated asset objects reloaded before import = 0Number of asset objects unloaded after import = 0

========================================================================
Received Import Request.
  Time since last request: 0.000168 seconds.
  path: Assets/Scenes/game.unity
  importAddress: Guid(e4aadcd0be7cf4cc98df6cbd84d80c99) Importer(815301076,1909f56bfc062723c751e8b465ee728b)
Start importing Assets/Scenes/game.unity using Guid(e4aadcd0be7cf4cc98df6cbd84d80c99) Importer(815301076,1909f56bfc062723c751e8b465ee728b) (PreviewImporter) -> (Import Result ID: '00000000000000000000000000000000') in 0.000607125 seconds
Import Error Code:(4)
Message: Build asset version error: assets/scenes/game.unity in SourceAssetDB has modification time of '2026-06-29T09:50:37Z' while content on disk has modification time of '2026-06-29T10:13:35Z'
  ERROR: Build asset version error: assets/scenes/game.unity in SourceAssetDB has modification time of '2026-06-29T09:50:37Z' while content on disk has modification time of '2026-06-29T10:13:35Z'
Number of updated asset objects reloaded before import = 0Number of asset objects unloaded after import = 0

========================================================================
Received Import Request.
  Time since last request: 0.176323 seconds.
  path: Assets/Scenes/game.unity
  importAddress: Guid(e4aadcd0be7cf4cc98df6cbd84d80c99) Importer(815301076,1909f56bfc062723c751e8b465ee728b)
Start importing Assets/Scenes/game.unity using Guid(e4aadcd0be7cf4cc98df6cbd84d80c99) Importer(815301076,1909f56bfc062723c751e8b465ee728b) (PreviewImporter) -> (Import Result ID: '00000000000000000000000000000000') in 0.00089025 seconds
Import Error Code:(4)
Message: Build asset version error: assets/scenes/game.unity in SourceAssetDB has modification time of '2026-06-29T09:50:37Z' while content on disk has modification time of '2026-06-29T10:13:35Z'
  ERROR: Build asset version error: assets/scenes/game.unity in SourceAssetDB has modification time of '2026-06-29T09:50:37Z' while content on disk has modification time of '2026-06-29T10:13:35Z'
Number of updated asset objects reloaded before import = 0Number of asset objects unloaded after import = 0

========================================================================
Received Import Request.
  Time since last request: 0.016200 seconds.
  path: Assets/Scenes/game.unity
  importAddress: Guid(e4aadcd0be7cf4cc98df6cbd84d80c99) Importer(815301076,1909f56bfc062723c751e8b465ee728b)
Start importing Assets/Scenes/game.unity using Guid(e4aadcd0be7cf4cc98df6cbd84d80c99) Importer(815301076,1909f56bfc062723c751e8b465ee728b) (PreviewImporter) -> (Import Result ID: '00000000000000000000000000000000') in 0.005190917 seconds
Import Error Code:(4)
Message: Build asset version error: assets/scenes/game.unity in SourceAssetDB has modification time of '2026-06-29T09:50:37Z' while content on disk has modification time of '2026-06-29T10:13:35Z'
  ERROR: Build asset version error: assets/scenes/game.unity in SourceAssetDB has modification time of '2026-06-29T09:50:37Z' while content on disk has modification time of '2026-06-29T10:13:35Z'
Number of updated asset objects reloaded before import = 0Number of asset objects unloaded after import = 0

========================================================================
Received Import Request.
  Time since last request: 0.013855 seconds.
  path: Assets/Scenes/game.unity
  importAddress: Guid(e4aadcd0be7cf4cc98df6cbd84d80c99) Importer(815301076,1909f56bfc062723c751e8b465ee728b)
Start importing Assets/Scenes/game.unity using Guid(e4aadcd0be7cf4cc98df6cbd84d80c99) Importer(815301076,1909f56bfc062723c751e8b465ee728b) (PreviewImporter) -> (Import Result ID: '00000000000000000000000000000000') in 0.000869042 seconds
Import Error Code:(4)
Message: Build asset version error: assets/scenes/game.unity in SourceAssetDB has modification time of '2026-06-29T09:50:37Z' while content on disk has modification time of '2026-06-29T10:13:35Z'
  ERROR: Build asset version error: assets/scenes/game.unity in SourceAssetDB has modification time of '2026-06-29T09:50:37Z' while content on disk has modification time of '2026-06-29T10:13:35Z'
Number of updated asset objects reloaded before import = 0Number of asset objects unloaded after import = 0

========================================================================
Received Import Request.
  Time since last request: 0.157413 seconds.
  path: Assets/Scenes/game.unity
  importAddress: Guid(e4aadcd0be7cf4cc98df6cbd84d80c99) Importer(815301076,1909f56bfc062723c751e8b465ee728b)
Start importing Assets/Scenes/game.unity using Guid(e4aadcd0be7cf4cc98df6cbd84d80c99) Importer(815301076,1909f56bfc062723c751e8b465ee728b) (PreviewImporter) -> (Import Result ID: '00000000000000000000000000000000') in 0.001366292 seconds
Import Error Code:(4)
Message: Build asset version error: assets/scenes/game.unity in SourceAssetDB has modification time of '2026-06-29T09:50:37Z' while content on disk has modification time of '2026-06-29T10:13:35Z'
  ERROR: Build asset version error: assets/scenes/game.unity in SourceAssetDB has modification time of '2026-06-29T09:50:37Z' while content on disk has modification time of '2026-06-29T10:13:35Z'
Number of updated asset objects reloaded before import = 0Number of asset objects unloaded after import = 0

========================================================================
Received Import Request.
  Time since last request: 0.156694 seconds.
  path: Assets/Scenes/game.unity
  importAddress: Guid(e4aadcd0be7cf4cc98df6cbd84d80c99) Importer(815301076,1909f56bfc062723c751e8b465ee728b)
Start importing Assets/Scenes/game.unity using Guid(e4aadcd0be7cf4cc98df6cbd84d80c99) Importer(815301076,1909f56bfc062723c751e8b465ee728b) (PreviewImporter) -> (Import Result ID: '00000000000000000000000000000000') in 0.000618333 seconds
Import Error Code:(4)
Message: Build asset version error: assets/scenes/game.unity in SourceAssetDB has modification time of '2026-06-29T09:50:37Z' while content on disk has modification time of '2026-06-29T10:13:35Z'
  ERROR: Build asset version error: assets/scenes/game.unity in SourceAssetDB has modification time of '2026-06-29T09:50:37Z' while content on disk has modification time of '2026-06-29T10:13:35Z'
Number of updated asset objects reloaded before import = 0Number of asset objects unloaded after import = 0

========================================================================
Received Import Request.
  Time since last request: 0.170736 seconds.
  path: Assets/Scenes/game.unity
  importAddress: Guid(e4aadcd0be7cf4cc98df6cbd84d80c99) Importer(815301076,1909f56bfc062723c751e8b465ee728b)
Start importing Assets/Scenes/game.unity using Guid(e4aadcd0be7cf4cc98df6cbd84d80c99) Importer(815301076,1909f56bfc062723c751e8b465ee728b) (PreviewImporter) -> (Import Result ID: '00000000000000000000000000000000') in 0.000828167 seconds
Import Error Code:(4)
Message: Build asset version error: assets/scenes/game.unity in SourceAssetDB has modification time of '2026-06-29T09:50:37Z' while content on disk has modification time of '2026-06-29T10:13:35Z'
  ERROR: Build asset version error: assets/scenes/game.unity in SourceAssetDB has modification time of '2026-06-29T09:50:37Z' while content on disk has modification time of '2026-06-29T10:13:35Z'
Number of updated asset objects reloaded before import = 0Number of asset objects unloaded after import = 0

========================================================================
Received Import Request.
  Time since last request: 0.054499 seconds.
  path: Assets/Scenes/game.unity
  importAddress: Guid(e4aadcd0be7cf4cc98df6cbd84d80c99) Importer(815301076,1909f56bfc062723c751e8b465ee728b)
Start importing Assets/Scenes/game.unity using Guid(e4aadcd0be7cf4cc98df6cbd84d80c99) Importer(815301076,1909f56bfc062723c751e8b465ee728b) (PreviewImporter) -> (Import Result ID: '00000000000000000000000000000000') in 0.000717042 seconds
Import Error Code:(4)
Message: Build asset version error: assets/scenes/game.unity in SourceAssetDB has modification time of '2026-06-29T09:50:37Z' while content on disk has modification time of '2026-06-29T10:13:35Z'
  ERROR: Build asset version error: assets/scenes/game.unity in SourceAssetDB has modification time of '2026-06-29T09:50:37Z' while content on disk has modification time of '2026-06-29T10:13:35Z'
Number of updated asset objects reloaded before import = 0Number of asset objects unloaded after import = 0

========================================================================
Received Import Request.
  Time since last request: 0.165216 seconds.
  path: Assets/Scenes/game.unity
  importAddress: Guid(e4aadcd0be7cf4cc98df6cbd84d80c99) Importer(815301076,1909f56bfc062723c751e8b465ee728b)
Start importing Assets/Scenes/game.unity using Guid(e4aadcd0be7cf4cc98df6cbd84d80c99) Importer(815301076,1909f56bfc062723c751e8b465ee728b) (PreviewImporter) -> (Import Result ID: '00000000000000000000000000000000') in 0.000593042 seconds
Import Error Code:(4)
Message: Build asset version error: assets/scenes/game.unity in SourceAssetDB has modification time of '2026-06-29T09:50:37Z' while content on disk has modification time of '2026-06-29T10:13:35Z'
  ERROR: Build asset version error: assets/scenes/game.unity in SourceAssetDB has modification time of '2026-06-29T09:50:37Z' while content on disk has modification time of '2026-06-29T10:13:35Z'
Number of updated asset objects reloaded before import = 0Number of asset objects unloaded after import = 0

========================================================================
Received Import Request.
  Time since last request: 0.065247 seconds.
  path: Assets/Scenes/game.unity
  importAddress: Guid(e4aadcd0be7cf4cc98df6cbd84d80c99) Importer(815301076,1909f56bfc062723c751e8b465ee728b)
Start importing Assets/Scenes/game.unity using Guid(e4aadcd0be7cf4cc98df6cbd84d80c99) Importer(815301076,1909f56bfc062723c751e8b465ee728b) (PreviewImporter) -> (Import Result ID: '00000000000000000000000000000000') in 0.000602583 seconds
Import Error Code:(4)
Message: Build asset version error: assets/scenes/game.unity in SourceAssetDB has modification time of '2026-06-29T09:50:37Z' while content on disk has modification time of '2026-06-29T10:13:35Z'
  ERROR: Build asset version error: assets/scenes/game.unity in SourceAssetDB has modification time of '2026-06-29T09:50:37Z' while content on disk has modification time of '2026-06-29T10:13:35Z'
Number of updated asset objects reloaded before import = 0Number of asset objects unloaded after import = 0

========================================================================
Received Import Request.
  Time since last request: 0.166779 seconds.
  path: Assets/Scenes/game.unity
  importAddress: Guid(e4aadcd0be7cf4cc98df6cbd84d80c99) Importer(815301076,1909f56bfc062723c751e8b465ee728b)
Start importing Assets/Scenes/game.unity using Guid(e4aadcd0be7cf4cc98df6cbd84d80c99) Importer(815301076,1909f56bfc062723c751e8b465ee728b) (PreviewImporter) -> (Import Result ID: '00000000000000000000000000000000') in 0.0007975 seconds
Import Error Code:(4)
Message: Build asset version error: assets/scenes/game.unity in SourceAssetDB has modification time of '2026-06-29T09:50:37Z' while content on disk has modification time of '2026-06-29T10:13:35Z'
  ERROR: Build asset version error: assets/scenes/game.unity in SourceAssetDB has modification time of '2026-06-29T09:50:37Z' while content on disk has modification time of '2026-06-29T10:13:35Z'
Number of updated asset objects reloaded before import = 0Number of asset objects unloaded after import = 0

========================================================================
Received Import Request.
  Time since last request: 0.057892 seconds.
  path: Assets/Scenes/game.unity
  importAddress: Guid(e4aadcd0be7cf4cc98df6cbd84d80c99) Importer(815301076,1909f56bfc062723c751e8b465ee728b)
Start importing Assets/Scenes/game.unity using Guid(e4aadcd0be7cf4cc98df6cbd84d80c99) Importer(815301076,1909f56bfc062723c751e8b465ee728b) (PreviewImporter) -> (Import Result ID: '00000000000000000000000000000000') in 0.000613209 seconds
Import Error Code:(4)
Message: Build asset version error: assets/scenes/game.unity in SourceAssetDB has modification time of '2026-06-29T09:50:37Z' while content on disk has modification time of '2026-06-29T10:13:35Z'
  ERROR: Build asset version error: assets/scenes/game.unity in SourceAssetDB has modification time of '2026-06-29T09:50:37Z' while content on disk has modification time of '2026-06-29T10:13:35Z'
Number of updated asset objects reloaded before import = 0Number of asset objects unloaded after import = 0

========================================================================
Received Import Request.
  Time since last request: 0.171803 seconds.
  path: Assets/Scenes/game.unity
  importAddress: Guid(e4aadcd0be7cf4cc98df6cbd84d80c99) Importer(815301076,1909f56bfc062723c751e8b465ee728b)
Start importing Assets/Scenes/game.unity using Guid(e4aadcd0be7cf4cc98df6cbd84d80c99) Importer(815301076,1909f56bfc062723c751e8b465ee728b) (PreviewImporter) -> (Import Result ID: '00000000000000000000000000000000') in 0.000621583 seconds
Import Error Code:(4)
Message: Build asset version error: assets/scenes/game.unity in SourceAssetDB has modification time of '2026-06-29T09:50:37Z' while content on disk has modification time of '2026-06-29T10:13:35Z'
  ERROR: Build asset version error: assets/scenes/game.unity in SourceAssetDB has modification time of '2026-06-29T09:50:37Z' while content on disk has modification time of '2026-06-29T10:13:35Z'
Number of updated asset objects reloaded before import = 0Number of asset objects unloaded after import = 0

========================================================================
Received Import Request.
  Time since last request: 0.172124 seconds.
  path: Assets/Scenes/game.unity
  importAddress: Guid(e4aadcd0be7cf4cc98df6cbd84d80c99) Importer(815301076,1909f56bfc062723c751e8b465ee728b)
Start importing Assets/Scenes/game.unity using Guid(e4aadcd0be7cf4cc98df6cbd84d80c99) Importer(815301076,1909f56bfc062723c751e8b465ee728b) (PreviewImporter) -> (Import Result ID: '00000000000000000000000000000000') in 0.001313 seconds
Import Error Code:(4)
Message: Build asset version error: assets/scenes/game.unity in SourceAssetDB has modification time of '2026-06-29T09:50:37Z' while content on disk has modification time of '2026-06-29T10:13:35Z'
  ERROR: Build asset version error: assets/scenes/game.unity in SourceAssetDB has modification time of '2026-06-29T09:50:37Z' while content on disk has modification time of '2026-06-29T10:13:35Z'
Number of updated asset objects reloaded before import = 0Number of asset objects unloaded after import = 0

========================================================================
Received Import Request.
  Time since last request: 0.145730 seconds.
  path: Assets/Scenes/game.unity
  importAddress: Guid(e4aadcd0be7cf4cc98df6cbd84d80c99) Importer(815301076,1909f56bfc062723c751e8b465ee728b)
Start importing Assets/Scenes/game.unity using Guid(e4aadcd0be7cf4cc98df6cbd84d80c99) Importer(815301076,1909f56bfc062723c751e8b465ee728b) (PreviewImporter) -> (Import Result ID: '00000000000000000000000000000000') in 0.000836584 seconds
Import Error Code:(4)
Message: Build asset version error: assets/scenes/game.unity in SourceAssetDB has modification time of '2026-06-29T09:50:37Z' while content on disk has modification time of '2026-06-29T10:13:35Z'
  ERROR: Build asset version error: assets/scenes/game.unity in SourceAssetDB has modification time of '2026-06-29T09:50:37Z' while content on disk has modification time of '2026-06-29T10:13:35Z'
Number of updated asset objects reloaded before import = 0Number of asset objects unloaded after import = 0

========================================================================
Received Import Request.
  Time since last request: 0.145313 seconds.
  path: Assets/Scenes/game.unity
  importAddress: Guid(e4aadcd0be7cf4cc98df6cbd84d80c99) Importer(815301076,1909f56bfc062723c751e8b465ee728b)
Start importing Assets/Scenes/game.unity using Guid(e4aadcd0be7cf4cc98df6cbd84d80c99) Importer(815301076,1909f56bfc062723c751e8b465ee728b) (PreviewImporter) -> (Import Result ID: '00000000000000000000000000000000') in 0.0007175 seconds
Import Error Code:(4)
Message: Build asset version error: assets/scenes/game.unity in SourceAssetDB has modification time of '2026-06-29T09:50:37Z' while content on disk has modification time of '2026-06-29T10:13:35Z'
  ERROR: Build asset version error: assets/scenes/game.unity in SourceAssetDB has modification time of '2026-06-29T09:50:37Z' while content on disk has modification time of '2026-06-29T10:13:35Z'
Number of updated asset objects reloaded before import = 0Number of asset objects unloaded after import = 0

========================================================================
Received Import Request.
  Time since last request: 76.012346 seconds.
  path: Assets/Scenes/game.unity
  importAddress: Guid(e4aadcd0be7cf4cc98df6cbd84d80c99) Importer(815301076,1909f56bfc062723c751e8b465ee728b)
Start importing Assets/Scenes/game.unity using Guid(e4aadcd0be7cf4cc98df6cbd84d80c99) Importer(815301076,1909f56bfc062723c751e8b465ee728b) (PreviewImporter) -> (Import Result ID: '6af21b162376d17f595ff6fe96a4222f') in 0.014052542 seconds [static and dynamic dependencies]. Details - ImportResultOutputID=c1b1d89b569a9ca6d179ff4f704761ae DependenciesID=54dc76a337dc01047689b49572ddc99e StaticDependenciesID=8ec669eb9644274dde482326917ffb86 
Number of updated asset objects reloaded before import = 0Number of asset objects unloaded after import = 0

========================================================================
Received Prepare
Begin MonoManager ReloadAssembly
[Licensing::Client] Successfully resolved entitlement details
Assembly Assembly-CSharp-Editor-firstpass.dll at Library/ScriptAssemblies/Assembly-CSharp-Editor-firstpass.dll not valid. Loading of assembly skipped.
Assembly Assembly-CSharp-firstpass.dll at Library/ScriptAssemblies/Assembly-CSharp-firstpass.dll not valid. Loading of assembly skipped.
Assembly DocCodeExamples.dll at Library/ScriptAssemblies/DocCodeExamples.dll not valid. Loading of assembly skipped.
Assembly TestNewCustomAssembly.dll at Library/ScriptAssemblies/TestNewCustomAssembly.dll not valid. Loading of assembly skipped.
Assembly Unity.2D.Animation.EditorTests.dll at Library/ScriptAssemblies/Unity.2D.Animation.EditorTests.dll not valid. Loading of assembly skipped.
Assembly Unity.2D.Aseprite.EditorTests.dll at Library/ScriptAssemblies/Unity.2D.Aseprite.EditorTests.dll not valid. Loading of assembly skipped.
Assembly Unity.2D.Common.EditorTests.dll at Library/ScriptAssemblies/Unity.2D.Common.EditorTests.dll not valid. Loading of assembly skipped.
Assembly Unity.2D.Psdimporter.EditorTests.dll at Library/ScriptAssemblies/Unity.2D.Psdimporter.EditorTests.dll not valid. Loading of assembly skipped.
Assembly Unity.2D.Sprite.Package.EditorTests.dll at Library/ScriptAssemblies/Unity.2D.Sprite.Package.EditorTests.dll not valid. Loading of assembly skipped.
Assembly Unity.2D.SpriteShape.EditorTests.dll at Library/ScriptAssemblies/Unity.2D.SpriteShape.EditorTests.dll not valid. Loading of assembly skipped.
Assembly Unity.2D.Tilemap.Package.EditorTests.dll at Library/ScriptAssemblies/Unity.2D.Tilemap.Package.EditorTests.dll not valid. Loading of assembly skipped.
Assembly Unity.Collections.BurstCompatibilityGen.dll at Library/ScriptAssemblies/Unity.Collections.BurstCompatibilityGen.dll not valid. Loading of assembly skipped.
Assembly Unity.Collections.DocCodeSamples.dll at Library/ScriptAssemblies/Unity.Collections.DocCodeSamples.dll not valid. Loading of assembly skipped.
Assembly Unity.Collections.PerformanceTests.dll at Library/ScriptAssemblies/Unity.Collections.PerformanceTests.dll not valid. Loading of assembly skipped.
Assembly Unity.Collections.Tests.dll at Library/ScriptAssemblies/Unity.Collections.Tests.dll not valid. Loading of assembly skipped.
Assembly Unity.Collections.Tests.Playmode.dll at Library/ScriptAssemblies/Unity.Collections.Tests.Playmode.dll not valid. Loading of assembly skipped.
Assembly Unity.InputSystem.IntegrationTests.dll at Library/ScriptAssemblies/Unity.InputSystem.IntegrationTests.dll not valid. Loading of assembly skipped.
Assembly Unity.Mathematics.Tests.dll at Library/ScriptAssemblies/Unity.Mathematics.Tests.dll not valid. Loading of assembly skipped.
Assembly Unity.Multiplayer.Center.Editor.Tests.dll at Library/ScriptAssemblies/Unity.Multiplayer.Center.Editor.Tests.dll not valid. Loading of assembly skipped.
Assembly Unity.Multiplayer.Center.Tests.dll at Library/ScriptAssemblies/Unity.Multiplayer.Center.Tests.dll not valid. Loading of assembly skipped.
Assembly Unity.Nuget.Mono-Cecil.dll at Library/ScriptAssemblies/Unity.Nuget.Mono-Cecil.dll not valid. Loading of assembly skipped.
Assembly Unity.PathTracing.Editor.Tests.dll at Library/ScriptAssemblies/Unity.PathTracing.Editor.Tests.dll not valid. Loading of assembly skipped.
Assembly Unity.PathTracing.Runtime.Tests.dll at Library/ScriptAssemblies/Unity.PathTracing.Runtime.Tests.dll not valid. Loading of assembly skipped.
Assembly Unity.RenderPipelines.Core.Editor.Tests.dll at Library/ScriptAssemblies/Unity.RenderPipelines.Core.Editor.Tests.dll not valid. Loading of assembly skipped.
Assembly Unity.RenderPipelines.Core.Runtime.Tests.dll at Library/ScriptAssemblies/Unity.RenderPipelines.Core.Runtime.Tests.dll not valid. Loading of assembly skipped.
Assembly Unity.RenderPipelines.Universal.Config.Editor.Tests.dll at Library/ScriptAssemblies/Unity.RenderPipelines.Universal.Config.Editor.Tests.dll not valid. Loading of assembly skipped.
Assembly Unity.RenderPipelines.Universal.Editor.Tests.dll at Library/ScriptAssemblies/Unity.RenderPipelines.Universal.Editor.Tests.dll not valid. Loading of assembly skipped.
Assembly Unity.RenderPipelines.Universal.Runtime.Tests.dll at Library/ScriptAssemblies/Unity.RenderPipelines.Universal.Runtime.Tests.dll not valid. Loading of assembly skipped.
Assembly Unity.Searcher.EditorTests.dll at Library/ScriptAssemblies/Unity.Searcher.EditorTests.dll not valid. Loading of assembly skipped.
Assembly Unity.ShaderGraph.Editor.Tests.dll at Library/ScriptAssemblies/Unity.ShaderGraph.Editor.Tests.dll not valid. Loading of assembly skipped.
Assembly Unity.TextMeshPro.Editor.Tests.dll at Library/ScriptAssemblies/Unity.TextMeshPro.Editor.Tests.dll not valid. Loading of assembly skipped.
Assembly Unity.TextMeshPro.Tests.dll at Library/ScriptAssemblies/Unity.TextMeshPro.Tests.dll not valid. Loading of assembly skipped.
Assembly Unity.UnifiedRayTracing.Editor.Tests.dll at Library/ScriptAssemblies/Unity.UnifiedRayTracing.Editor.Tests.dll not valid. Loading of assembly skipped.
Assembly UnityEditor.UI.Common.Tests.dll at Library/ScriptAssemblies/UnityEditor.UI.Common.Tests.dll not valid. Loading of assembly skipped.
Assembly UnityEditor.UI.EditorTests.dll at Library/ScriptAssemblies/UnityEditor.UI.EditorTests.dll not valid. Loading of assembly skipped.
Assembly UnityEngine.UI.Tests.dll at Library/ScriptAssemblies/UnityEngine.UI.Tests.dll not valid. Loading of assembly skipped.
Refreshing native plugins compatible for Editor in 3.74 ms, found 3 plugins.
Native extension for OSXStandalone target not found
Native extension for WebGL target not found
[Package Manager] Failed to launch server process. Reason: Unity was launched with the -noUpm command-line argument
[Package Manager] Unable to send message (not connected to server process).
[Package Manager] Cannot connect to Unity Package Manager local server
[Package Manager] Failed to launch server process. Reason: Unity was launched with the -noUpm command-line argument
[Package Manager] Unable to send message (not connected to server process).
[Package Manager] Cannot connect to Unity Package Manager local server
ScheduleIndexationOnStartup MainProcess:False IndexOnStartup:True
Mono: successfully reloaded assembly
- Finished resetting the current domain, in  4.115 seconds
Domain Reload Profiling: 9951ms
	BeginReloadAssembly (3134ms)
		ExecutionOrderSort (8ms)
		DisableScriptedObjects (470ms)
		ReleaseScriptingObjects (11ms)
		CreateAndSetChildDomain (786ms)
	RebuildCommonClasses (99ms)
	RebuildNativeTypeToScriptingClass (18ms)
	initialDomainReloadingComplete (449ms)
	LoadAllAssembliesAndSetupDomain (2132ms)
		LoadAssemblies (2658ms)
		AnalyzeDomain (716ms)
			TypeCache.Refresh (55ms)
			BuildScriptInfoCaches (563ms)
			ResolveRequiredComponents (75ms)
	FinalizeReload (4119ms)
		SetupLoadedEditorAssemblies (0ms)
			InitializePlatformSupportModulesInManaged (15ms)
			BeforeProcessingInitializeOnLoad (886ms)
			ProcessInitializeOnLoadAttributes (1783ms)
			ProcessInitializeOnLoadMethodAttributes (493ms)
		AwakeInstancesAfterBackupRestoration (128ms)
WARNING: Shader Unsupported: 'Universal Render Pipeline/VR/SpatialMapping/Wireframe' - All subshaders removed
WARNING: Shader Did you use #pragma only_renderers and omit this platform?
WARNING: Shader If subshaders removal was intentional, you may have forgotten turning Fallback off?
Shader Hidden/ChartRasterizerHardware is not supported: GPU does not support conservative rasterization
Unloading 26 Unused Serialized files (Serialized files now loaded: 0)
Unloading 7282 unused Assets / (3.1 MB). Loaded Objects now: 8180.
Memory consumption went from 185.7 MB to 182.7 MB.
Total: 53.615917 ms (FindLiveObjects: 9.494083 ms CreateObjectMapping: 1.026584 ms MarkObjects: 29.488292 ms  DeleteObjects: 13.605250 ms)

Prepare: number of updated asset objects reloaded= 0
EnvironmentDependencyValues requested are different than current active one (requested -> active):
  graphicsApiMask: 2048 -> 67584
========================================================================
Received Prepare
Begin MonoManager ReloadAssembly
[Licensing::Client] Successfully resolved entitlement details
Assembly Assembly-CSharp-Editor-firstpass.dll at Library/ScriptAssemblies/Assembly-CSharp-Editor-firstpass.dll not valid. Loading of assembly skipped.
Assembly Assembly-CSharp-firstpass.dll at Library/ScriptAssemblies/Assembly-CSharp-firstpass.dll not valid. Loading of assembly skipped.
Assembly DocCodeExamples.dll at Library/ScriptAssemblies/DocCodeExamples.dll not valid. Loading of assembly skipped.
Assembly TestNewCustomAssembly.dll at Library/ScriptAssemblies/TestNewCustomAssembly.dll not valid. Loading of assembly skipped.
Assembly Unity.2D.Animation.EditorTests.dll at Library/ScriptAssemblies/Unity.2D.Animation.EditorTests.dll not valid. Loading of assembly skipped.
Assembly Unity.2D.Aseprite.EditorTests.dll at Library/ScriptAssemblies/Unity.2D.Aseprite.EditorTests.dll not valid. Loading of assembly skipped.
Assembly Unity.2D.Common.EditorTests.dll at Library/ScriptAssemblies/Unity.2D.Common.EditorTests.dll not valid. Loading of assembly skipped.
Assembly Unity.2D.Psdimporter.EditorTests.dll at Library/ScriptAssemblies/Unity.2D.Psdimporter.EditorTests.dll not valid. Loading of assembly skipped.
Assembly Unity.2D.Sprite.Package.EditorTests.dll at Library/ScriptAssemblies/Unity.2D.Sprite.Package.EditorTests.dll not valid. Loading of assembly skipped.
Assembly Unity.2D.SpriteShape.EditorTests.dll at Library/ScriptAssemblies/Unity.2D.SpriteShape.EditorTests.dll not valid. Loading of assembly skipped.
Assembly Unity.2D.Tilemap.Package.EditorTests.dll at Library/ScriptAssemblies/Unity.2D.Tilemap.Package.EditorTests.dll not valid. Loading of assembly skipped.
Assembly Unity.Collections.BurstCompatibilityGen.dll at Library/ScriptAssemblies/Unity.Collections.BurstCompatibilityGen.dll not valid. Loading of assembly skipped.
Assembly Unity.Collections.DocCodeSamples.dll at Library/ScriptAssemblies/Unity.Collections.DocCodeSamples.dll not valid. Loading of assembly skipped.
Assembly Unity.Collections.PerformanceTests.dll at Library/ScriptAssemblies/Unity.Collections.PerformanceTests.dll not valid. Loading of assembly skipped.
Assembly Unity.Collections.Tests.dll at Library/ScriptAssemblies/Unity.Collections.Tests.dll not valid. Loading of assembly skipped.
Assembly Unity.Collections.Tests.Playmode.dll at Library/ScriptAssemblies/Unity.Collections.Tests.Playmode.dll not valid. Loading of assembly skipped.
Assembly Unity.InputSystem.IntegrationTests.dll at Library/ScriptAssemblies/Unity.InputSystem.IntegrationTests.dll not valid. Loading of assembly skipped.
Assembly Unity.Mathematics.Tests.dll at Library/ScriptAssemblies/Unity.Mathematics.Tests.dll not valid. Loading of assembly skipped.
Assembly Unity.Multiplayer.Center.Editor.Tests.dll at Library/ScriptAssemblies/Unity.Multiplayer.Center.Editor.Tests.dll not valid. Loading of assembly skipped.
Assembly Unity.Multiplayer.Center.Tests.dll at Library/ScriptAssemblies/Unity.Multiplayer.Center.Tests.dll not valid. Loading of assembly skipped.
Assembly Unity.Nuget.Mono-Cecil.dll at Library/ScriptAssemblies/Unity.Nuget.Mono-Cecil.dll not valid. Loading of assembly skipped.
Assembly Unity.PathTracing.Editor.Tests.dll at Library/ScriptAssemblies/Unity.PathTracing.Editor.Tests.dll not valid. Loading of assembly skipped.
Assembly Unity.PathTracing.Runtime.Tests.dll at Library/ScriptAssemblies/Unity.PathTracing.Runtime.Tests.dll not valid. Loading of assembly skipped.
Assembly Unity.RenderPipelines.Core.Editor.Tests.dll at Library/ScriptAssemblies/Unity.RenderPipelines.Core.Editor.Tests.dll not valid. Loading of assembly skipped.
Assembly Unity.RenderPipelines.Core.Runtime.Tests.dll at Library/ScriptAssemblies/Unity.RenderPipelines.Core.Runtime.Tests.dll not valid. Loading of assembly skipped.
Assembly Unity.RenderPipelines.Universal.Config.Editor.Tests.dll at Library/ScriptAssemblies/Unity.RenderPipelines.Universal.Config.Editor.Tests.dll not valid. Loading of assembly skipped.
Assembly Unity.RenderPipelines.Universal.Editor.Tests.dll at Library/ScriptAssemblies/Unity.RenderPipelines.Universal.Editor.Tests.dll not valid. Loading of assembly skipped.
Assembly Unity.RenderPipelines.Universal.Runtime.Tests.dll at Library/ScriptAssemblies/Unity.RenderPipelines.Universal.Runtime.Tests.dll not valid. Loading of assembly skipped.
Assembly Unity.Searcher.EditorTests.dll at Library/ScriptAssemblies/Unity.Searcher.EditorTests.dll not valid. Loading of assembly skipped.
Assembly Unity.ShaderGraph.Editor.Tests.dll at Library/ScriptAssemblies/Unity.ShaderGraph.Editor.Tests.dll not valid. Loading of assembly skipped.
Assembly Unity.TextMeshPro.Editor.Tests.dll at Library/ScriptAssemblies/Unity.TextMeshPro.Editor.Tests.dll not valid. Loading of assembly skipped.
Assembly Unity.TextMeshPro.Tests.dll at Library/ScriptAssemblies/Unity.TextMeshPro.Tests.dll not valid. Loading of assembly skipped.
Assembly Unity.UnifiedRayTracing.Editor.Tests.dll at Library/ScriptAssemblies/Unity.UnifiedRayTracing.Editor.Tests.dll not valid. Loading of assembly skipped.
Assembly UnityEditor.UI.Common.Tests.dll at Library/ScriptAssemblies/UnityEditor.UI.Common.Tests.dll not valid. Loading of assembly skipped.
Assembly UnityEditor.UI.EditorTests.dll at Library/ScriptAssemblies/UnityEditor.UI.EditorTests.dll not valid. Loading of assembly skipped.
Assembly UnityEngine.UI.Tests.dll at Library/ScriptAssemblies/UnityEngine.UI.Tests.dll not valid. Loading of assembly skipped.
Refreshing native plugins compatible for Editor in 3.38 ms, found 3 plugins.
Native extension for OSXStandalone target not found
Native extension for WebGL target not found
[Package Manager] Failed to launch server process. Reason: Unity was launched with the -noUpm command-line argument
[Package Manager] Unable to send message (not connected to server process).
[Package Manager] Cannot connect to Unity Package Manager local server
Refreshing native plugins compatible for Editor in 2.11 ms, found 3 plugins.
[Package Manager] Failed to launch server process. Reason: Unity was launched with the -noUpm command-line argument
[Package Manager] Unable to send message (not connected to server process).
[Package Manager] Cannot connect to Unity Package Manager local server
ScheduleIndexationOnStartup MainProcess:False IndexOnStartup:True
Mono: successfully reloaded assembly
- Finished resetting the current domain, in  4.249 seconds
Domain Reload Profiling: 8331ms
	BeginReloadAssembly (1359ms)
		DisableScriptedObjects (218ms)
		CreateAndSetChildDomain (296ms)
	RebuildCommonClasses (100ms)
	RebuildNativeTypeToScriptingClass (18ms)
	initialDomainReloadingComplete (569ms)
	LoadAllAssembliesAndSetupDomain (2031ms)
		LoadAssemblies (1706ms)
		AnalyzeDomain (878ms)
			TypeCache.Refresh (85ms)
			BuildScriptInfoCaches (679ms)
			ResolveRequiredComponents (89ms)
	FinalizeReload (4252ms)
		SetupLoadedEditorAssemblies (0ms)
			InitializePlatformSupportModulesInManaged (14ms)
			BeforeProcessingInitializeOnLoad (916ms)
			ProcessInitializeOnLoadAttributes (1885ms)
			ProcessInitializeOnLoadMethodAttributes (419ms)
		AwakeInstancesAfterBackupRestoration (137ms)
WARNING: Shader Unsupported: 'Universal Render Pipeline/VR/SpatialMapping/Wireframe' - All subshaders removed
WARNING: Shader Did you use #pragma only_renderers and omit this platform?
WARNING: Shader If subshaders removal was intentional, you may have forgotten turning Fallback off?
Shader Hidden/ChartRasterizerHardware is not supported: GPU does not support conservative rasterization
Unloading 26 Unused Serialized files (Serialized files now loaded: 0)
Unloading 7282 unused Assets / (6.1 MB). Loaded Objects now: 8183.
Memory consumption went from 186.1 MB to 180.0 MB.
Total: 31.953542 ms (FindLiveObjects: 6.999041 ms CreateObjectMapping: 1.678833 ms MarkObjects: 11.546709 ms  DeleteObjects: 11.725333 ms)

Prepare: number of updated asset objects reloaded= 0
EnvironmentDependencyValues requested are different than current active one (requested -> active):
  graphicsApiMask: 2048 -> 67584
========================================================================
Received Prepare
Begin MonoManager ReloadAssembly
[Licensing::Client] Successfully resolved entitlement details
Assembly Assembly-CSharp-Editor-firstpass.dll at Library/ScriptAssemblies/Assembly-CSharp-Editor-firstpass.dll not valid. Loading of assembly skipped.
Assembly Assembly-CSharp-firstpass.dll at Library/ScriptAssemblies/Assembly-CSharp-firstpass.dll not valid. Loading of assembly skipped.
Assembly DocCodeExamples.dll at Library/ScriptAssemblies/DocCodeExamples.dll not valid. Loading of assembly skipped.
Assembly TestNewCustomAssembly.dll at Library/ScriptAssemblies/TestNewCustomAssembly.dll not valid. Loading of assembly skipped.
Assembly Unity.2D.Animation.EditorTests.dll at Library/ScriptAssemblies/Unity.2D.Animation.EditorTests.dll not valid. Loading of assembly skipped.
Assembly Unity.2D.Aseprite.EditorTests.dll at Library/ScriptAssemblies/Unity.2D.Aseprite.EditorTests.dll not valid. Loading of assembly skipped.
Assembly Unity.2D.Common.EditorTests.dll at Library/ScriptAssemblies/Unity.2D.Common.EditorTests.dll not valid. Loading of assembly skipped.
Assembly Unity.2D.Psdimporter.EditorTests.dll at Library/ScriptAssemblies/Unity.2D.Psdimporter.EditorTests.dll not valid. Loading of assembly skipped.
Assembly Unity.2D.Sprite.Package.EditorTests.dll at Library/ScriptAssemblies/Unity.2D.Sprite.Package.EditorTests.dll not valid. Loading of assembly skipped.
Assembly Unity.2D.SpriteShape.EditorTests.dll at Library/ScriptAssemblies/Unity.2D.SpriteShape.EditorTests.dll not valid. Loading of assembly skipped.
Assembly Unity.2D.Tilemap.Package.EditorTests.dll at Library/ScriptAssemblies/Unity.2D.Tilemap.Package.EditorTests.dll not valid. Loading of assembly skipped.
Assembly Unity.Collections.BurstCompatibilityGen.dll at Library/ScriptAssemblies/Unity.Collections.BurstCompatibilityGen.dll not valid. Loading of assembly skipped.
Assembly Unity.Collections.DocCodeSamples.dll at Library/ScriptAssemblies/Unity.Collections.DocCodeSamples.dll not valid. Loading of assembly skipped.
Assembly Unity.Collections.PerformanceTests.dll at Library/ScriptAssemblies/Unity.Collections.PerformanceTests.dll not valid. Loading of assembly skipped.
Assembly Unity.Collections.Tests.dll at Library/ScriptAssemblies/Unity.Collections.Tests.dll not valid. Loading of assembly skipped.
Assembly Unity.Collections.Tests.Playmode.dll at Library/ScriptAssemblies/Unity.Collections.Tests.Playmode.dll not valid. Loading of assembly skipped.
Assembly Unity.InputSystem.IntegrationTests.dll at Library/ScriptAssemblies/Unity.InputSystem.IntegrationTests.dll not valid. Loading of assembly skipped.
Assembly Unity.Mathematics.Tests.dll at Library/ScriptAssemblies/Unity.Mathematics.Tests.dll not valid. Loading of assembly skipped.
Assembly Unity.Multiplayer.Center.Editor.Tests.dll at Library/ScriptAssemblies/Unity.Multiplayer.Center.Editor.Tests.dll not valid. Loading of assembly skipped.
Assembly Unity.Multiplayer.Center.Tests.dll at Library/ScriptAssemblies/Unity.Multiplayer.Center.Tests.dll not valid. Loading of assembly skipped.
Assembly Unity.Nuget.Mono-Cecil.dll at Library/ScriptAssemblies/Unity.Nuget.Mono-Cecil.dll not valid. Loading of assembly skipped.
Assembly Unity.PathTracing.Editor.Tests.dll at Library/ScriptAssemblies/Unity.PathTracing.Editor.Tests.dll not valid. Loading of assembly skipped.
Assembly Unity.PathTracing.Runtime.Tests.dll at Library/ScriptAssemblies/Unity.PathTracing.Runtime.Tests.dll not valid. Loading of assembly skipped.
Assembly Unity.RenderPipelines.Core.Editor.Tests.dll at Library/ScriptAssemblies/Unity.RenderPipelines.Core.Editor.Tests.dll not valid. Loading of assembly skipped.
Assembly Unity.RenderPipelines.Core.Runtime.Tests.dll at Library/ScriptAssemblies/Unity.RenderPipelines.Core.Runtime.Tests.dll not valid. Loading of assembly skipped.
Assembly Unity.RenderPipelines.Universal.Config.Editor.Tests.dll at Library/ScriptAssemblies/Unity.RenderPipelines.Universal.Config.Editor.Tests.dll not valid. Loading of assembly skipped.
Assembly Unity.RenderPipelines.Universal.Editor.Tests.dll at Library/ScriptAssemblies/Unity.RenderPipelines.Universal.Editor.Tests.dll not valid. Loading of assembly skipped.
Assembly Unity.RenderPipelines.Universal.Runtime.Tests.dll at Library/ScriptAssemblies/Unity.RenderPipelines.Universal.Runtime.Tests.dll not valid. Loading of assembly skipped.
Assembly Unity.Searcher.EditorTests.dll at Library/ScriptAssemblies/Unity.Searcher.EditorTests.dll not valid. Loading of assembly skipped.
Assembly Unity.ShaderGraph.Editor.Tests.dll at Library/ScriptAssemblies/Unity.ShaderGraph.Editor.Tests.dll not valid. Loading of assembly skipped.
Assembly Unity.TextMeshPro.Editor.Tests.dll at Library/ScriptAssemblies/Unity.TextMeshPro.Editor.Tests.dll not valid. Loading of assembly skipped.
Assembly Unity.TextMeshPro.Tests.dll at Library/ScriptAssemblies/Unity.TextMeshPro.Tests.dll not valid. Loading of assembly skipped.
Assembly Unity.UnifiedRayTracing.Editor.Tests.dll at Library/ScriptAssemblies/Unity.UnifiedRayTracing.Editor.Tests.dll not valid. Loading of assembly skipped.
Assembly UnityEditor.UI.Common.Tests.dll at Library/ScriptAssemblies/UnityEditor.UI.Common.Tests.dll not valid. Loading of assembly skipped.
Assembly UnityEditor.UI.EditorTests.dll at Library/ScriptAssemblies/UnityEditor.UI.EditorTests.dll not valid. Loading of assembly skipped.
Assembly UnityEngine.UI.Tests.dll at Library/ScriptAssemblies/UnityEngine.UI.Tests.dll not valid. Loading of assembly skipped.
Native extension for OSXStandalone target not found
Native extension for WebGL target not found
[Package Manager] Failed to launch server process. Reason: Unity was launched with the -noUpm command-line argument
[Package Manager] Unable to send message (not connected to server process).
[Package Manager] Cannot connect to Unity Package Manager local server
Refreshing native plugins compatible for Editor in 3.46 ms, found 3 plugins.
[Package Manager] Failed to launch server process. Reason: Unity was launched with the -noUpm command-line argument
[Package Manager] Unable to send message (not connected to server process).
[Package Manager] Cannot connect to Unity Package Manager local server
ScheduleIndexationOnStartup MainProcess:False IndexOnStartup:True
Mono: successfully reloaded assembly
- Finished resetting the current domain, in  3.584 seconds
Domain Reload Profiling: 5702ms
	BeginReloadAssembly (725ms)
		DisableScriptedObjects (128ms)
		CreateAndSetChildDomain (147ms)
	RebuildCommonClasses (70ms)
	RebuildNativeTypeToScriptingClass (19ms)
	initialDomainReloadingComplete (178ms)
	LoadAllAssembliesAndSetupDomain (1125ms)
		LoadAssemblies (955ms)
		AnalyzeDomain (437ms)
			TypeCache.Refresh (32ms)
			BuildScriptInfoCaches (358ms)
			ResolveRequiredComponents (43ms)
	FinalizeReload (3586ms)
		SetupLoadedEditorAssemblies (0ms)
			InitializePlatformSupportModulesInManaged (9ms)
			BeforeProcessingInitializeOnLoad (731ms)
			ProcessInitializeOnLoadAttributes (1524ms)
			ProcessInitializeOnLoadMethodAttributes (485ms)
		AwakeInstancesAfterBackupRestoration (211ms)
WARNING: Shader Unsupported: 'Universal Render Pipeline/VR/SpatialMapping/Wireframe' - All subshaders removed
WARNING: Shader Did you use #pragma only_renderers and omit this platform?
WARNING: Shader If subshaders removal was intentional, you may have forgotten turning Fallback off?
Shader Hidden/ChartRasterizerHardware is not supported: GPU does not support conservative rasterization
Unloading 26 Unused Serialized files (Serialized files now loaded: 0)
Unloading 7282 unused Assets / (5.6 MB). Loaded Objects now: 8186.
Memory consumption went from 186.6 MB to 181.0 MB.
Total: 25.307834 ms (FindLiveObjects: 5.348792 ms CreateObjectMapping: 1.084041 ms MarkObjects: 8.439875 ms  DeleteObjects: 10.433000 ms)

Prepare: number of updated asset objects reloaded= 0
EnvironmentDependencyValues requested are different than current active one (requested -> active):
  graphicsApiMask: 2048 -> 67584
========================================================================
Received Prepare
Begin MonoManager ReloadAssembly
[Licensing::Client] Successfully resolved entitlement details
Assembly Assembly-CSharp-Editor-firstpass.dll at Library/ScriptAssemblies/Assembly-CSharp-Editor-firstpass.dll not valid. Loading of assembly skipped.
Assembly Assembly-CSharp-firstpass.dll at Library/ScriptAssemblies/Assembly-CSharp-firstpass.dll not valid. Loading of assembly skipped.
Assembly DocCodeExamples.dll at Library/ScriptAssemblies/DocCodeExamples.dll not valid. Loading of assembly skipped.
Assembly TestNewCustomAssembly.dll at Library/ScriptAssemblies/TestNewCustomAssembly.dll not valid. Loading of assembly skipped.
Assembly Unity.2D.Animation.EditorTests.dll at Library/ScriptAssemblies/Unity.2D.Animation.EditorTests.dll not valid. Loading of assembly skipped.
Assembly Unity.2D.Aseprite.EditorTests.dll at Library/ScriptAssemblies/Unity.2D.Aseprite.EditorTests.dll not valid. Loading of assembly skipped.
Assembly Unity.2D.Common.EditorTests.dll at Library/ScriptAssemblies/Unity.2D.Common.EditorTests.dll not valid. Loading of assembly skipped.
Assembly Unity.2D.Psdimporter.EditorTests.dll at Library/ScriptAssemblies/Unity.2D.Psdimporter.EditorTests.dll not valid. Loading of assembly skipped.
Assembly Unity.2D.Sprite.Package.EditorTests.dll at Library/ScriptAssemblies/Unity.2D.Sprite.Package.EditorTests.dll not valid. Loading of assembly skipped.
Assembly Unity.2D.SpriteShape.EditorTests.dll at Library/ScriptAssemblies/Unity.2D.SpriteShape.EditorTests.dll not valid. Loading of assembly skipped.
Assembly Unity.2D.Tilemap.Package.EditorTests.dll at Library/ScriptAssemblies/Unity.2D.Tilemap.Package.EditorTests.dll not valid. Loading of assembly skipped.
Assembly Unity.Collections.BurstCompatibilityGen.dll at Library/ScriptAssemblies/Unity.Collections.BurstCompatibilityGen.dll not valid. Loading of assembly skipped.
Assembly Unity.Collections.DocCodeSamples.dll at Library/ScriptAssemblies/Unity.Collections.DocCodeSamples.dll not valid. Loading of assembly skipped.
Assembly Unity.Collections.PerformanceTests.dll at Library/ScriptAssemblies/Unity.Collections.PerformanceTests.dll not valid. Loading of assembly skipped.
Assembly Unity.Collections.Tests.dll at Library/ScriptAssemblies/Unity.Collections.Tests.dll not valid. Loading of assembly skipped.
Assembly Unity.Collections.Tests.Playmode.dll at Library/ScriptAssemblies/Unity.Collections.Tests.Playmode.dll not valid. Loading of assembly skipped.
Assembly Unity.InputSystem.IntegrationTests.dll at Library/ScriptAssemblies/Unity.InputSystem.IntegrationTests.dll not valid. Loading of assembly skipped.
Assembly Unity.Mathematics.Tests.dll at Library/ScriptAssemblies/Unity.Mathematics.Tests.dll not valid. Loading of assembly skipped.
Assembly Unity.Multiplayer.Center.Editor.Tests.dll at Library/ScriptAssemblies/Unity.Multiplayer.Center.Editor.Tests.dll not valid. Loading of assembly skipped.
Assembly Unity.Multiplayer.Center.Tests.dll at Library/ScriptAssemblies/Unity.Multiplayer.Center.Tests.dll not valid. Loading of assembly skipped.
Assembly Unity.Nuget.Mono-Cecil.dll at Library/ScriptAssemblies/Unity.Nuget.Mono-Cecil.dll not valid. Loading of assembly skipped.
Assembly Unity.PathTracing.Editor.Tests.dll at Library/ScriptAssemblies/Unity.PathTracing.Editor.Tests.dll not valid. Loading of assembly skipped.
Assembly Unity.PathTracing.Runtime.Tests.dll at Library/ScriptAssemblies/Unity.PathTracing.Runtime.Tests.dll not valid. Loading of assembly skipped.
Assembly Unity.RenderPipelines.Core.Editor.Tests.dll at Library/ScriptAssemblies/Unity.RenderPipelines.Core.Editor.Tests.dll not valid. Loading of assembly skipped.
Assembly Unity.RenderPipelines.Core.Runtime.Tests.dll at Library/ScriptAssemblies/Unity.RenderPipelines.Core.Runtime.Tests.dll not valid. Loading of assembly skipped.
Assembly Unity.RenderPipelines.Universal.Config.Editor.Tests.dll at Library/ScriptAssemblies/Unity.RenderPipelines.Universal.Config.Editor.Tests.dll not valid. Loading of assembly skipped.
Assembly Unity.RenderPipelines.Universal.Editor.Tests.dll at Library/ScriptAssemblies/Unity.RenderPipelines.Universal.Editor.Tests.dll not valid. Loading of assembly skipped.
Assembly Unity.RenderPipelines.Universal.Runtime.Tests.dll at Library/ScriptAssemblies/Unity.RenderPipelines.Universal.Runtime.Tests.dll not valid. Loading of assembly skipped.
Assembly Unity.Searcher.EditorTests.dll at Library/ScriptAssemblies/Unity.Searcher.EditorTests.dll not valid. Loading of assembly skipped.
Assembly Unity.ShaderGraph.Editor.Tests.dll at Library/ScriptAssemblies/Unity.ShaderGraph.Editor.Tests.dll not valid. Loading of assembly skipped.
Assembly Unity.TextMeshPro.Editor.Tests.dll at Library/ScriptAssemblies/Unity.TextMeshPro.Editor.Tests.dll not valid. Loading of assembly skipped.
Assembly Unity.TextMeshPro.Tests.dll at Library/ScriptAssemblies/Unity.TextMeshPro.Tests.dll not valid. Loading of assembly skipped.
Assembly Unity.UnifiedRayTracing.Editor.Tests.dll at Library/ScriptAssemblies/Unity.UnifiedRayTracing.Editor.Tests.dll not valid. Loading of assembly skipped.
Assembly UnityEditor.UI.Common.Tests.dll at Library/ScriptAssemblies/UnityEditor.UI.Common.Tests.dll not valid. Loading of assembly skipped.
Assembly UnityEditor.UI.EditorTests.dll at Library/ScriptAssemblies/UnityEditor.UI.EditorTests.dll not valid. Loading of assembly skipped.
Assembly UnityEngine.UI.Tests.dll at Library/ScriptAssemblies/UnityEngine.UI.Tests.dll not valid. Loading of assembly skipped.
Native extension for OSXStandalone target not found
Native extension for WebGL target not found
[Package Manager] Failed to launch server process. Reason: Unity was launched with the -noUpm command-line argument
[Package Manager] Unable to send message (not connected to server process).
[Package Manager] Cannot connect to Unity Package Manager local server
[Package Manager] Failed to launch server process. Reason: Unity was launched with the -noUpm command-line argument
[Package Manager] Unable to send message (not connected to server process).
[Package Manager] Cannot connect to Unity Package Manager local server
ScheduleIndexationOnStartup MainProcess:False IndexOnStartup:True
Mono: successfully reloaded assembly
- Finished resetting the current domain, in  4.397 seconds
Domain Reload Profiling: 9925ms
	BeginReloadAssembly (3005ms)
		ExecutionOrderSort (3ms)
		DisableScriptedObjects (559ms)
		ReleaseScriptingObjects (9ms)
		CreateAndSetChildDomain (728ms)
	RebuildCommonClasses (118ms)
	RebuildNativeTypeToScriptingClass (19ms)
	initialDomainReloadingComplete (395ms)
	LoadAllAssembliesAndSetupDomain (1986ms)
		LoadAssemblies (2356ms)
		AnalyzeDomain (749ms)
			TypeCache.Refresh (66ms)
				TypeCache.ScanAssembly (4ms)
			BuildScriptInfoCaches (583ms)
			ResolveRequiredComponents (84ms)
	FinalizeReload (4402ms)
		SetupLoadedEditorAssemblies (0ms)
			InitializePlatformSupportModulesInManaged (20ms)
			BeforeProcessingInitializeOnLoad (882ms)
			ProcessInitializeOnLoadAttributes (1615ms)
			ProcessInitializeOnLoadMethodAttributes (673ms)
		AwakeInstancesAfterBackupRestoration (293ms)
WARNING: Shader Unsupported: 'Universal Render Pipeline/VR/SpatialMapping/Wireframe' - All subshaders removed
WARNING: Shader Did you use #pragma only_renderers and omit this platform?
WARNING: Shader If subshaders removal was intentional, you may have forgotten turning Fallback off?
Shader Hidden/ChartRasterizerHardware is not supported: GPU does not support conservative rasterization
Unloading 26 Unused Serialized files (Serialized files now loaded: 0)
Unloading 7282 unused Assets / (3.2 MB). Loaded Objects now: 8189.
Memory consumption went from 187.0 MB to 183.8 MB.
Total: 72.937250 ms (FindLiveObjects: 16.435084 ms CreateObjectMapping: 2.478292 ms MarkObjects: 35.893458 ms  DeleteObjects: 17.608209 ms)

Prepare: number of updated asset objects reloaded= 0
EnvironmentDependencyValues requested are different than current active one (requested -> active):
  graphicsApiMask: 2048 -> 67584
========================================================================
Received Prepare
Begin MonoManager ReloadAssembly
[Licensing::Client] Successfully resolved entitlement details
Assembly Assembly-CSharp-Editor-firstpass.dll at Library/ScriptAssemblies/Assembly-CSharp-Editor-firstpass.dll not valid. Loading of assembly skipped.
Assembly Assembly-CSharp-firstpass.dll at Library/ScriptAssemblies/Assembly-CSharp-firstpass.dll not valid. Loading of assembly skipped.
Assembly DocCodeExamples.dll at Library/ScriptAssemblies/DocCodeExamples.dll not valid. Loading of assembly skipped.
Assembly TestNewCustomAssembly.dll at Library/ScriptAssemblies/TestNewCustomAssembly.dll not valid. Loading of assembly skipped.
Assembly Unity.2D.Animation.EditorTests.dll at Library/ScriptAssemblies/Unity.2D.Animation.EditorTests.dll not valid. Loading of assembly skipped.
Assembly Unity.2D.Aseprite.EditorTests.dll at Library/ScriptAssemblies/Unity.2D.Aseprite.EditorTests.dll not valid. Loading of assembly skipped.
Assembly Unity.2D.Common.EditorTests.dll at Library/ScriptAssemblies/Unity.2D.Common.EditorTests.dll not valid. Loading of assembly skipped.
Assembly Unity.2D.Psdimporter.EditorTests.dll at Library/ScriptAssemblies/Unity.2D.Psdimporter.EditorTests.dll not valid. Loading of assembly skipped.
Assembly Unity.2D.Sprite.Package.EditorTests.dll at Library/ScriptAssemblies/Unity.2D.Sprite.Package.EditorTests.dll not valid. Loading of assembly skipped.
Assembly Unity.2D.SpriteShape.EditorTests.dll at Library/ScriptAssemblies/Unity.2D.SpriteShape.EditorTests.dll not valid. Loading of assembly skipped.
Assembly Unity.2D.Tilemap.Package.EditorTests.dll at Library/ScriptAssemblies/Unity.2D.Tilemap.Package.EditorTests.dll not valid. Loading of assembly skipped.
Assembly Unity.Collections.BurstCompatibilityGen.dll at Library/ScriptAssemblies/Unity.Collections.BurstCompatibilityGen.dll not valid. Loading of assembly skipped.
Assembly Unity.Collections.DocCodeSamples.dll at Library/ScriptAssemblies/Unity.Collections.DocCodeSamples.dll not valid. Loading of assembly skipped.
Assembly Unity.Collections.PerformanceTests.dll at Library/ScriptAssemblies/Unity.Collections.PerformanceTests.dll not valid. Loading of assembly skipped.
Assembly Unity.Collections.Tests.dll at Library/ScriptAssemblies/Unity.Collections.Tests.dll not valid. Loading of assembly skipped.
Assembly Unity.Collections.Tests.Playmode.dll at Library/ScriptAssemblies/Unity.Collections.Tests.Playmode.dll not valid. Loading of assembly skipped.
Assembly Unity.InputSystem.IntegrationTests.dll at Library/ScriptAssemblies/Unity.InputSystem.IntegrationTests.dll not valid. Loading of assembly skipped.
Assembly Unity.Mathematics.Tests.dll at Library/ScriptAssemblies/Unity.Mathematics.Tests.dll not valid. Loading of assembly skipped.
Assembly Unity.Multiplayer.Center.Editor.Tests.dll at Library/ScriptAssemblies/Unity.Multiplayer.Center.Editor.Tests.dll not valid. Loading of assembly skipped.
Assembly Unity.Multiplayer.Center.Tests.dll at Library/ScriptAssemblies/Unity.Multiplayer.Center.Tests.dll not valid. Loading of assembly skipped.
Assembly Unity.Nuget.Mono-Cecil.dll at Library/ScriptAssemblies/Unity.Nuget.Mono-Cecil.dll not valid. Loading of assembly skipped.
Assembly Unity.PathTracing.Editor.Tests.dll at Library/ScriptAssemblies/Unity.PathTracing.Editor.Tests.dll not valid. Loading of assembly skipped.
Assembly Unity.PathTracing.Runtime.Tests.dll at Library/ScriptAssemblies/Unity.PathTracing.Runtime.Tests.dll not valid. Loading of assembly skipped.
Assembly Unity.RenderPipelines.Core.Editor.Tests.dll at Library/ScriptAssemblies/Unity.RenderPipelines.Core.Editor.Tests.dll not valid. Loading of assembly skipped.
Assembly Unity.RenderPipelines.Core.Runtime.Tests.dll at Library/ScriptAssemblies/Unity.RenderPipelines.Core.Runtime.Tests.dll not valid. Loading of assembly skipped.
Assembly Unity.RenderPipelines.Universal.Config.Editor.Tests.dll at Library/ScriptAssemblies/Unity.RenderPipelines.Universal.Config.Editor.Tests.dll not valid. Loading of assembly skipped.
Assembly Unity.RenderPipelines.Universal.Editor.Tests.dll at Library/ScriptAssemblies/Unity.RenderPipelines.Universal.Editor.Tests.dll not valid. Loading of assembly skipped.
Assembly Unity.RenderPipelines.Universal.Runtime.Tests.dll at Library/ScriptAssemblies/Unity.RenderPipelines.Universal.Runtime.Tests.dll not valid. Loading of assembly skipped.
Assembly Unity.Searcher.EditorTests.dll at Library/ScriptAssemblies/Unity.Searcher.EditorTests.dll not valid. Loading of assembly skipped.
Assembly Unity.ShaderGraph.Editor.Tests.dll at Library/ScriptAssemblies/Unity.ShaderGraph.Editor.Tests.dll not valid. Loading of assembly skipped.
Assembly Unity.TextMeshPro.Editor.Tests.dll at Library/ScriptAssemblies/Unity.TextMeshPro.Editor.Tests.dll not valid. Loading of assembly skipped.
Assembly Unity.TextMeshPro.Tests.dll at Library/ScriptAssemblies/Unity.TextMeshPro.Tests.dll not valid. Loading of assembly skipped.
Assembly Unity.UnifiedRayTracing.Editor.Tests.dll at Library/ScriptAssemblies/Unity.UnifiedRayTracing.Editor.Tests.dll not valid. Loading of assembly skipped.
Assembly UnityEditor.UI.Common.Tests.dll at Library/ScriptAssemblies/UnityEditor.UI.Common.Tests.dll not valid. Loading of assembly skipped.
Assembly UnityEditor.UI.EditorTests.dll at Library/ScriptAssemblies/UnityEditor.UI.EditorTests.dll not valid. Loading of assembly skipped.
Assembly UnityEngine.UI.Tests.dll at Library/ScriptAssemblies/UnityEngine.UI.Tests.dll not valid. Loading of assembly skipped.
Refreshing native plugins compatible for Editor in 2.70 ms, found 3 plugins.
Native extension for OSXStandalone target not found
Native extension for WebGL target not found
[Package Manager] Failed to launch server process. Reason: Unity was launched with the -noUpm command-line argument
[Package Manager] Unable to send message (not connected to server process).
[Package Manager] Cannot connect to Unity Package Manager local server
Refreshing native plugins compatible for Editor in 2.72 ms, found 3 plugins.
[Package Manager] Failed to launch server process. Reason: Unity was launched with the -noUpm command-line argument
[Package Manager] Unable to send message (not connected to server process).
[Package Manager] Cannot connect to Unity Package Manager local server
ScheduleIndexationOnStartup MainProcess:False IndexOnStartup:True
Mono: successfully reloaded assembly
- Finished resetting the current domain, in  4.886 seconds
Domain Reload Profiling: 12197ms
	BeginReloadAssembly (4956ms)
		DisableScriptedObjects (529ms)
		ReleaseScriptingObjects (3ms)
		CreateAndSetChildDomain (2579ms)
	RebuildCommonClasses (76ms)
	RebuildNativeTypeToScriptingClass (18ms)
	initialDomainReloadingComplete (388ms)
	LoadAllAssembliesAndSetupDomain (1870ms)
		LoadAssemblies (2484ms)
		AnalyzeDomain (696ms)
			TypeCache.Refresh (63ms)
				TypeCache.ScanAssembly (8ms)
			BuildScriptInfoCaches (568ms)
			ResolveRequiredComponents (52ms)
	FinalizeReload (4888ms)
		SetupLoadedEditorAssemblies (0ms)
			InitializePlatformSupportModulesInManaged (27ms)
			BeforeProcessingInitializeOnLoad (1402ms)
			ProcessInitializeOnLoadAttributes (2200ms)
			ProcessInitializeOnLoadMethodAttributes (453ms)
			AfterProcessingInitializeOnLoad (3ms)
		AwakeInstancesAfterBackupRestoration (143ms)
WARNING: Shader Unsupported: 'Universal Render Pipeline/VR/SpatialMapping/Wireframe' - All subshaders removed
WARNING: Shader Did you use #pragma only_renderers and omit this platform?
WARNING: Shader If subshaders removal was intentional, you may have forgotten turning Fallback off?
Shader Hidden/ChartRasterizerHardware is not supported: GPU does not support conservative rasterization
Unloading 26 Unused Serialized files (Serialized files now loaded: 0)
Unloading 7282 unused Assets / (7.0 MB). Loaded Objects now: 8192.
Memory consumption went from 187.5 MB to 180.5 MB.
Total: 34.721416 ms (FindLiveObjects: 7.175292 ms CreateObjectMapping: 1.425083 ms MarkObjects: 14.110667 ms  DeleteObjects: 12.007666 ms)

Prepare: number of updated asset objects reloaded= 0
EnvironmentDependencyValues requested are different than current active one (requested -> active):
  graphicsApiMask: 2048 -> 67584
========================================================================
Received Prepare
Begin MonoManager ReloadAssembly
Assembly Assembly-CSharp-Editor-firstpass.dll at Library/ScriptAssemblies/Assembly-CSharp-Editor-firstpass.dll not valid. Loading of assembly skipped.
Assembly Assembly-CSharp-firstpass.dll at Library/ScriptAssemblies/Assembly-CSharp-firstpass.dll not valid. Loading of assembly skipped.
Assembly DocCodeExamples.dll at Library/ScriptAssemblies/DocCodeExamples.dll not valid. Loading of assembly skipped.
Assembly TestNewCustomAssembly.dll at Library/ScriptAssemblies/TestNewCustomAssembly.dll not valid. Loading of assembly skipped.
Assembly Unity.2D.Animation.EditorTests.dll at Library/ScriptAssemblies/Unity.2D.Animation.EditorTests.dll not valid. Loading of assembly skipped.
Assembly Unity.2D.Aseprite.EditorTests.dll at Library/ScriptAssemblies/Unity.2D.Aseprite.EditorTests.dll not valid. Loading of assembly skipped.
Assembly Unity.2D.Common.EditorTests.dll at Library/ScriptAssemblies/Unity.2D.Common.EditorTests.dll not valid. Loading of assembly skipped.
Assembly Unity.2D.Psdimporter.EditorTests.dll at Library/ScriptAssemblies/Unity.2D.Psdimporter.EditorTests.dll not valid. Loading of assembly skipped.
Assembly Unity.2D.Sprite.Package.EditorTests.dll at Library/ScriptAssemblies/Unity.2D.Sprite.Package.EditorTests.dll not valid. Loading of assembly skipped.
Assembly Unity.2D.SpriteShape.EditorTests.dll at Library/ScriptAssemblies/Unity.2D.SpriteShape.EditorTests.dll not valid. Loading of assembly skipped.
Assembly Unity.2D.Tilemap.Package.EditorTests.dll at Library/ScriptAssemblies/Unity.2D.Tilemap.Package.EditorTests.dll not valid. Loading of assembly skipped.
Assembly Unity.Collections.BurstCompatibilityGen.dll at Library/ScriptAssemblies/Unity.Collections.BurstCompatibilityGen.dll not valid. Loading of assembly skipped.
Assembly Unity.Collections.DocCodeSamples.dll at Library/ScriptAssemblies/Unity.Collections.DocCodeSamples.dll not valid. Loading of assembly skipped.
Assembly Unity.Collections.PerformanceTests.dll at Library/ScriptAssemblies/Unity.Collections.PerformanceTests.dll not valid. Loading of assembly skipped.
Assembly Unity.Collections.Tests.dll at Library/ScriptAssemblies/Unity.Collections.Tests.dll not valid. Loading of assembly skipped.
Assembly Unity.Collections.Tests.Playmode.dll at Library/ScriptAssemblies/Unity.Collections.Tests.Playmode.dll not valid. Loading of assembly skipped.
Assembly Unity.InputSystem.IntegrationTests.dll at Library/ScriptAssemblies/Unity.InputSystem.IntegrationTests.dll not valid. Loading of assembly skipped.
Assembly Unity.Mathematics.Tests.dll at Library/ScriptAssemblies/Unity.Mathematics.Tests.dll not valid. Loading of assembly skipped.
Assembly Unity.Multiplayer.Center.Editor.Tests.dll at Library/ScriptAssemblies/Unity.Multiplayer.Center.Editor.Tests.dll not valid. Loading of assembly skipped.
Assembly Unity.Multiplayer.Center.Tests.dll at Library/ScriptAssemblies/Unity.Multiplayer.Center.Tests.dll not valid. Loading of assembly skipped.
Assembly Unity.Nuget.Mono-Cecil.dll at Library/ScriptAssemblies/Unity.Nuget.Mono-Cecil.dll not valid. Loading of assembly skipped.
Assembly Unity.PathTracing.Editor.Tests.dll at Library/ScriptAssemblies/Unity.PathTracing.Editor.Tests.dll not valid. Loading of assembly skipped.
Assembly Unity.PathTracing.Runtime.Tests.dll at Library/ScriptAssemblies/Unity.PathTracing.Runtime.Tests.dll not valid. Loading of assembly skipped.
Assembly Unity.RenderPipelines.Core.Editor.Tests.dll at Library/ScriptAssemblies/Unity.RenderPipelines.Core.Editor.Tests.dll not valid. Loading of assembly skipped.
Assembly Unity.RenderPipelines.Core.Runtime.Tests.dll at Library/ScriptAssemblies/Unity.RenderPipelines.Core.Runtime.Tests.dll not valid. Loading of assembly skipped.
Assembly Unity.RenderPipelines.Universal.Config.Editor.Tests.dll at Library/ScriptAssemblies/Unity.RenderPipelines.Universal.Config.Editor.Tests.dll not valid. Loading of assembly skipped.
Assembly Unity.RenderPipelines.Universal.Editor.Tests.dll at Library/ScriptAssemblies/Unity.RenderPipelines.Universal.Editor.Tests.dll not valid. Loading of assembly skipped.
Assembly Unity.RenderPipelines.Universal.Runtime.Tests.dll at Library/ScriptAssemblies/Unity.RenderPipelines.Universal.Runtime.Tests.dll not valid. Loading of assembly skipped.
Assembly Unity.Searcher.EditorTests.dll at Library/ScriptAssemblies/Unity.Searcher.EditorTests.dll not valid. Loading of assembly skipped.
Assembly Unity.ShaderGraph.Editor.Tests.dll at Library/ScriptAssemblies/Unity.ShaderGraph.Editor.Tests.dll not valid. Loading of assembly skipped.
Assembly Unity.TextMeshPro.Editor.Tests.dll at Library/ScriptAssemblies/Unity.TextMeshPro.Editor.Tests.dll not valid. Loading of assembly skipped.
Assembly Unity.TextMeshPro.Tests.dll at Library/ScriptAssemblies/Unity.TextMeshPro.Tests.dll not valid. Loading of assembly skipped.
Assembly Unity.UnifiedRayTracing.Editor.Tests.dll at Library/ScriptAssemblies/Unity.UnifiedRayTracing.Editor.Tests.dll not valid. Loading of assembly skipped.
Assembly UnityEditor.UI.Common.Tests.dll at Library/ScriptAssemblies/UnityEditor.UI.Common.Tests.dll not valid. Loading of assembly skipped.
Assembly UnityEditor.UI.EditorTests.dll at Library/ScriptAssemblies/UnityEditor.UI.EditorTests.dll not valid. Loading of assembly skipped.
Assembly UnityEngine.UI.Tests.dll at Library/ScriptAssemblies/UnityEngine.UI.Tests.dll not valid. Loading of assembly skipped.
Refreshing native plugins compatible for Editor in 2.58 ms, found 3 plugins.
Native extension for OSXStandalone target not found
Native extension for WebGL target not found
[Package Manager] Failed to launch server process. Reason: Unity was launched with the -noUpm command-line argument
[Package Manager] Unable to send message (not connected to server process).
[Package Manager] Cannot connect to Unity Package Manager local server
Refreshing native plugins compatible for Editor in 6.33 ms, found 3 plugins.
[Package Manager] Failed to launch server process. Reason: Unity was launched with the -noUpm command-line argument
[Package Manager] Unable to send message (not connected to server process).
[Package Manager] Cannot connect to Unity Package Manager local server
ScheduleIndexationOnStartup MainProcess:False IndexOnStartup:True
Mono: successfully reloaded assembly
- Finished resetting the current domain, in  3.533 seconds
Domain Reload Profiling: 6187ms
	BeginReloadAssembly (903ms)
		DisableScriptedObjects (182ms)
		CreateAndSetChildDomain (188ms)
	RebuildCommonClasses (74ms)
	RebuildNativeTypeToScriptingClass (22ms)
	initialDomainReloadingComplete (204ms)
	LoadAllAssembliesAndSetupDomain (1448ms)
		LoadAssemblies (1248ms)
		AnalyzeDomain (532ms)
			TypeCache.Refresh (40ms)
			BuildScriptInfoCaches (426ms)
			ResolveRequiredComponents (60ms)
	FinalizeReload (3536ms)
		SetupLoadedEditorAssemblies (0ms)
			InitializePlatformSupportModulesInManaged (9ms)
			BeforeProcessingInitializeOnLoad (746ms)
			ProcessInitializeOnLoadAttributes (1575ms)
			ProcessInitializeOnLoadMethodAttributes (449ms)
			AfterProcessingInitializeOnLoad (8ms)
			EditorAssembliesLoaded (6ms)
		AwakeInstancesAfterBackupRestoration (181ms)
WARNING: Shader Unsupported: 'Universal Render Pipeline/VR/SpatialMapping/Wireframe' - All subshaders removed
WARNING: Shader Did you use #pragma only_renderers and omit this platform?
WARNING: Shader If subshaders removal was intentional, you may have forgotten turning Fallback off?
Shader Hidden/ChartRasterizerHardware is not supported: GPU does not support conservative rasterization
Unloading 26 Unused Serialized files (Serialized files now loaded: 0)
Unloading 7282 unused Assets / (5.3 MB). Loaded Objects now: 8195.
Memory consumption went from 188.0 MB to 182.7 MB.
Total: 28.630583 ms (FindLiveObjects: 6.368208 ms CreateObjectMapping: 1.423000 ms MarkObjects: 10.311875 ms  DeleteObjects: 10.526959 ms)

Prepare: number of updated asset objects reloaded= 0
EnvironmentDependencyValues requested are different than current active one (requested -> active):
  graphicsApiMask: 2048 -> 67584
========================================================================
Received Prepare
Begin MonoManager ReloadAssembly
[Licensing::Client] Successfully resolved entitlement details
Assembly Assembly-CSharp-Editor-firstpass.dll at Library/ScriptAssemblies/Assembly-CSharp-Editor-firstpass.dll not valid. Loading of assembly skipped.
Assembly Assembly-CSharp-firstpass.dll at Library/ScriptAssemblies/Assembly-CSharp-firstpass.dll not valid. Loading of assembly skipped.
Assembly DocCodeExamples.dll at Library/ScriptAssemblies/DocCodeExamples.dll not valid. Loading of assembly skipped.
Assembly TestNewCustomAssembly.dll at Library/ScriptAssemblies/TestNewCustomAssembly.dll not valid. Loading of assembly skipped.
Assembly Unity.2D.Animation.EditorTests.dll at Library/ScriptAssemblies/Unity.2D.Animation.EditorTests.dll not valid. Loading of assembly skipped.
Assembly Unity.2D.Aseprite.EditorTests.dll at Library/ScriptAssemblies/Unity.2D.Aseprite.EditorTests.dll not valid. Loading of assembly skipped.
Assembly Unity.2D.Common.EditorTests.dll at Library/ScriptAssemblies/Unity.2D.Common.EditorTests.dll not valid. Loading of assembly skipped.
Assembly Unity.2D.Psdimporter.EditorTests.dll at Library/ScriptAssemblies/Unity.2D.Psdimporter.EditorTests.dll not valid. Loading of assembly skipped.
Assembly Unity.2D.Sprite.Package.EditorTests.dll at Library/ScriptAssemblies/Unity.2D.Sprite.Package.EditorTests.dll not valid. Loading of assembly skipped.
Assembly Unity.2D.SpriteShape.EditorTests.dll at Library/ScriptAssemblies/Unity.2D.SpriteShape.EditorTests.dll not valid. Loading of assembly skipped.
Assembly Unity.2D.Tilemap.Package.EditorTests.dll at Library/ScriptAssemblies/Unity.2D.Tilemap.Package.EditorTests.dll not valid. Loading of assembly skipped.
Assembly Unity.Collections.BurstCompatibilityGen.dll at Library/ScriptAssemblies/Unity.Collections.BurstCompatibilityGen.dll not valid. Loading of assembly skipped.
Assembly Unity.Collections.DocCodeSamples.dll at Library/ScriptAssemblies/Unity.Collections.DocCodeSamples.dll not valid. Loading of assembly skipped.
Assembly Unity.Collections.PerformanceTests.dll at Library/ScriptAssemblies/Unity.Collections.PerformanceTests.dll not valid. Loading of assembly skipped.
Assembly Unity.Collections.Tests.dll at Library/ScriptAssemblies/Unity.Collections.Tests.dll not valid. Loading of assembly skipped.
Assembly Unity.Collections.Tests.Playmode.dll at Library/ScriptAssemblies/Unity.Collections.Tests.Playmode.dll not valid. Loading of assembly skipped.
Assembly Unity.InputSystem.IntegrationTests.dll at Library/ScriptAssemblies/Unity.InputSystem.IntegrationTests.dll not valid. Loading of assembly skipped.
Assembly Unity.Mathematics.Tests.dll at Library/ScriptAssemblies/Unity.Mathematics.Tests.dll not valid. Loading of assembly skipped.
Assembly Unity.Multiplayer.Center.Editor.Tests.dll at Library/ScriptAssemblies/Unity.Multiplayer.Center.Editor.Tests.dll not valid. Loading of assembly skipped.
Assembly Unity.Multiplayer.Center.Tests.dll at Library/ScriptAssemblies/Unity.Multiplayer.Center.Tests.dll not valid. Loading of assembly skipped.
Assembly Unity.Nuget.Mono-Cecil.dll at Library/ScriptAssemblies/Unity.Nuget.Mono-Cecil.dll not valid. Loading of assembly skipped.
Assembly Unity.PathTracing.Editor.Tests.dll at Library/ScriptAssemblies/Unity.PathTracing.Editor.Tests.dll not valid. Loading of assembly skipped.
Assembly Unity.PathTracing.Runtime.Tests.dll at Library/ScriptAssemblies/Unity.PathTracing.Runtime.Tests.dll not valid. Loading of assembly skipped.
Assembly Unity.RenderPipelines.Core.Editor.Tests.dll at Library/ScriptAssemblies/Unity.RenderPipelines.Core.Editor.Tests.dll not valid. Loading of assembly skipped.
Assembly Unity.RenderPipelines.Core.Runtime.Tests.dll at Library/ScriptAssemblies/Unity.RenderPipelines.Core.Runtime.Tests.dll not valid. Loading of assembly skipped.
Assembly Unity.RenderPipelines.Universal.Config.Editor.Tests.dll at Library/ScriptAssemblies/Unity.RenderPipelines.Universal.Config.Editor.Tests.dll not valid. Loading of assembly skipped.
Assembly Unity.RenderPipelines.Universal.Editor.Tests.dll at Library/ScriptAssemblies/Unity.RenderPipelines.Universal.Editor.Tests.dll not valid. Loading of assembly skipped.
Assembly Unity.RenderPipelines.Universal.Runtime.Tests.dll at Library/ScriptAssemblies/Unity.RenderPipelines.Universal.Runtime.Tests.dll not valid. Loading of assembly skipped.
Assembly Unity.Searcher.EditorTests.dll at Library/ScriptAssemblies/Unity.Searcher.EditorTests.dll not valid. Loading of assembly skipped.
Assembly Unity.ShaderGraph.Editor.Tests.dll at Library/ScriptAssemblies/Unity.ShaderGraph.Editor.Tests.dll not valid. Loading of assembly skipped.
Assembly Unity.TextMeshPro.Editor.Tests.dll at Library/ScriptAssemblies/Unity.TextMeshPro.Editor.Tests.dll not valid. Loading of assembly skipped.
Assembly Unity.TextMeshPro.Tests.dll at Library/ScriptAssemblies/Unity.TextMeshPro.Tests.dll not valid. Loading of assembly skipped.
Assembly Unity.UnifiedRayTracing.Editor.Tests.dll at Library/ScriptAssemblies/Unity.UnifiedRayTracing.Editor.Tests.dll not valid. Loading of assembly skipped.
Assembly UnityEditor.UI.Common.Tests.dll at Library/ScriptAssemblies/UnityEditor.UI.Common.Tests.dll not valid. Loading of assembly skipped.
Assembly UnityEditor.UI.EditorTests.dll at Library/ScriptAssemblies/UnityEditor.UI.EditorTests.dll not valid. Loading of assembly skipped.
Assembly UnityEngine.UI.Tests.dll at Library/ScriptAssemblies/UnityEngine.UI.Tests.dll not valid. Loading of assembly skipped.
Refreshing native plugins compatible for Editor in 31.06 ms, found 3 plugins.
Native extension for OSXStandalone target not found
Native extension for WebGL target not found
[Package Manager] Failed to launch server process. Reason: Unity was launched with the -noUpm command-line argument
[Package Manager] Unable to send message (not connected to server process).
[Package Manager] Cannot connect to Unity Package Manager local server
[Package Manager] Failed to launch server process. Reason: Unity was launched with the -noUpm command-line argument
[Package Manager] Unable to send message (not connected to server process).
[Package Manager] Cannot connect to Unity Package Manager local server
ScheduleIndexationOnStartup MainProcess:False IndexOnStartup:True
Mono: successfully reloaded assembly
- Finished resetting the current domain, in  3.284 seconds
Domain Reload Profiling: 9507ms
	BeginReloadAssembly (3133ms)
		DisableScriptedObjects (295ms)
		ReleaseScriptingObjects (3ms)
		CreateAndSetChildDomain (895ms)
	RebuildCommonClasses (98ms)
	RebuildNativeTypeToScriptingClass (23ms)
	initialDomainReloadingComplete (401ms)
	LoadAllAssembliesAndSetupDomain (2566ms)
		LoadAssemblies (3413ms)
		AnalyzeDomain (666ms)
			TypeCache.Refresh (83ms)
			BuildScriptInfoCaches (489ms)
			ResolveRequiredComponents (76ms)
	FinalizeReload (3285ms)
		SetupLoadedEditorAssemblies (0ms)
			InitializePlatformSupportModulesInManaged (11ms)
			BeforeProcessingInitializeOnLoad (643ms)
			ProcessInitializeOnLoadAttributes (1406ms)
			ProcessInitializeOnLoadMethodAttributes (316ms)
		AwakeInstancesAfterBackupRestoration (120ms)
WARNING: Shader Unsupported: 'Universal Render Pipeline/VR/SpatialMapping/Wireframe' - All subshaders removed
WARNING: Shader Did you use #pragma only_renderers and omit this platform?
WARNING: Shader If subshaders removal was intentional, you may have forgotten turning Fallback off?
Shader Hidden/ChartRasterizerHardware is not supported: GPU does not support conservative rasterization
Unloading 26 Unused Serialized files (Serialized files now loaded: 0)
Unloading 7282 unused Assets / (5.5 MB). Loaded Objects now: 8198.
Memory consumption went from 188.4 MB to 182.8 MB.
Total: 21.323375 ms (FindLiveObjects: 4.492417 ms CreateObjectMapping: 1.405708 ms MarkObjects: 8.139916 ms  DeleteObjects: 7.159917 ms)

Prepare: number of updated asset objects reloaded= 0
EnvironmentDependencyValues requested are different than current active one (requested -> active):
  graphicsApiMask: 2048 -> 67584
========================================================================
Received Prepare
Begin MonoManager ReloadAssembly
[Licensing::Client] Successfully resolved entitlement details
Assembly Assembly-CSharp-Editor-firstpass.dll at Library/ScriptAssemblies/Assembly-CSharp-Editor-firstpass.dll not valid. Loading of assembly skipped.
Assembly Assembly-CSharp-firstpass.dll at Library/ScriptAssemblies/Assembly-CSharp-firstpass.dll not valid. Loading of assembly skipped.
Assembly DocCodeExamples.dll at Library/ScriptAssemblies/DocCodeExamples.dll not valid. Loading of assembly skipped.
Assembly TestNewCustomAssembly.dll at Library/ScriptAssemblies/TestNewCustomAssembly.dll not valid. Loading of assembly skipped.
Assembly Unity.2D.Animation.EditorTests.dll at Library/ScriptAssemblies/Unity.2D.Animation.EditorTests.dll not valid. Loading of assembly skipped.
Assembly Unity.2D.Aseprite.EditorTests.dll at Library/ScriptAssemblies/Unity.2D.Aseprite.EditorTests.dll not valid. Loading of assembly skipped.
Assembly Unity.2D.Common.EditorTests.dll at Library/ScriptAssemblies/Unity.2D.Common.EditorTests.dll not valid. Loading of assembly skipped.
Assembly Unity.2D.Psdimporter.EditorTests.dll at Library/ScriptAssemblies/Unity.2D.Psdimporter.EditorTests.dll not valid. Loading of assembly skipped.
Assembly Unity.2D.Sprite.Package.EditorTests.dll at Library/ScriptAssemblies/Unity.2D.Sprite.Package.EditorTests.dll not valid. Loading of assembly skipped.
Assembly Unity.2D.SpriteShape.EditorTests.dll at Library/ScriptAssemblies/Unity.2D.SpriteShape.EditorTests.dll not valid. Loading of assembly skipped.
Assembly Unity.2D.Tilemap.Package.EditorTests.dll at Library/ScriptAssemblies/Unity.2D.Tilemap.Package.EditorTests.dll not valid. Loading of assembly skipped.
Assembly Unity.Collections.BurstCompatibilityGen.dll at Library/ScriptAssemblies/Unity.Collections.BurstCompatibilityGen.dll not valid. Loading of assembly skipped.
Assembly Unity.Collections.DocCodeSamples.dll at Library/ScriptAssemblies/Unity.Collections.DocCodeSamples.dll not valid. Loading of assembly skipped.
Assembly Unity.Collections.PerformanceTests.dll at Library/ScriptAssemblies/Unity.Collections.PerformanceTests.dll not valid. Loading of assembly skipped.
Assembly Unity.Collections.Tests.dll at Library/ScriptAssemblies/Unity.Collections.Tests.dll not valid. Loading of assembly skipped.
Assembly Unity.Collections.Tests.Playmode.dll at Library/ScriptAssemblies/Unity.Collections.Tests.Playmode.dll not valid. Loading of assembly skipped.
Assembly Unity.InputSystem.IntegrationTests.dll at Library/ScriptAssemblies/Unity.InputSystem.IntegrationTests.dll not valid. Loading of assembly skipped.
Assembly Unity.Mathematics.Tests.dll at Library/ScriptAssemblies/Unity.Mathematics.Tests.dll not valid. Loading of assembly skipped.
Assembly Unity.Multiplayer.Center.Editor.Tests.dll at Library/ScriptAssemblies/Unity.Multiplayer.Center.Editor.Tests.dll not valid. Loading of assembly skipped.
Assembly Unity.Multiplayer.Center.Tests.dll at Library/ScriptAssemblies/Unity.Multiplayer.Center.Tests.dll not valid. Loading of assembly skipped.
Assembly Unity.Nuget.Mono-Cecil.dll at Library/ScriptAssemblies/Unity.Nuget.Mono-Cecil.dll not valid. Loading of assembly skipped.
Assembly Unity.PathTracing.Editor.Tests.dll at Library/ScriptAssemblies/Unity.PathTracing.Editor.Tests.dll not valid. Loading of assembly skipped.
Assembly Unity.PathTracing.Runtime.Tests.dll at Library/ScriptAssemblies/Unity.PathTracing.Runtime.Tests.dll not valid. Loading of assembly skipped.
Assembly Unity.RenderPipelines.Core.Editor.Tests.dll at Library/ScriptAssemblies/Unity.RenderPipelines.Core.Editor.Tests.dll not valid. Loading of assembly skipped.
Assembly Unity.RenderPipelines.Core.Runtime.Tests.dll at Library/ScriptAssemblies/Unity.RenderPipelines.Core.Runtime.Tests.dll not valid. Loading of assembly skipped.
Assembly Unity.RenderPipelines.Universal.Config.Editor.Tests.dll at Library/ScriptAssemblies/Unity.RenderPipelines.Universal.Config.Editor.Tests.dll not valid. Loading of assembly skipped.
Assembly Unity.RenderPipelines.Universal.Editor.Tests.dll at Library/ScriptAssemblies/Unity.RenderPipelines.Universal.Editor.Tests.dll not valid. Loading of assembly skipped.
Assembly Unity.RenderPipelines.Universal.Runtime.Tests.dll at Library/ScriptAssemblies/Unity.RenderPipelines.Universal.Runtime.Tests.dll not valid. Loading of assembly skipped.
Assembly Unity.Searcher.EditorTests.dll at Library/ScriptAssemblies/Unity.Searcher.EditorTests.dll not valid. Loading of assembly skipped.
Assembly Unity.ShaderGraph.Editor.Tests.dll at Library/ScriptAssemblies/Unity.ShaderGraph.Editor.Tests.dll not valid. Loading of assembly skipped.
Assembly Unity.TextMeshPro.Editor.Tests.dll at Library/ScriptAssemblies/Unity.TextMeshPro.Editor.Tests.dll not valid. Loading of assembly skipped.
Assembly Unity.TextMeshPro.Tests.dll at Library/ScriptAssemblies/Unity.TextMeshPro.Tests.dll not valid. Loading of assembly skipped.
Assembly Unity.UnifiedRayTracing.Editor.Tests.dll at Library/ScriptAssemblies/Unity.UnifiedRayTracing.Editor.Tests.dll not valid. Loading of assembly skipped.
Assembly UnityEditor.UI.Common.Tests.dll at Library/ScriptAssemblies/UnityEditor.UI.Common.Tests.dll not valid. Loading of assembly skipped.
Assembly UnityEditor.UI.EditorTests.dll at Library/ScriptAssemblies/UnityEditor.UI.EditorTests.dll not valid. Loading of assembly skipped.
Assembly UnityEngine.UI.Tests.dll at Library/ScriptAssemblies/UnityEngine.UI.Tests.dll not valid. Loading of assembly skipped.
Native extension for OSXStandalone target not found
Native extension for WebGL target not found
[Package Manager] Failed to launch server process. Reason: Unity was launched with the -noUpm command-line argument
[Package Manager] Unable to send message (not connected to server process).
[Package Manager] Cannot connect to Unity Package Manager local server
Refreshing native plugins compatible for Editor in 2.92 ms, found 3 plugins.
[Package Manager] Failed to launch server process. Reason: Unity was launched with the -noUpm command-line argument
[Package Manager] Unable to send message (not connected to server process).
[Package Manager] Cannot connect to Unity Package Manager local server
ScheduleIndexationOnStartup MainProcess:False IndexOnStartup:True
Mono: successfully reloaded assembly
- Finished resetting the current domain, in  4.160 seconds
Domain Reload Profiling: 7140ms
	BeginReloadAssembly (1091ms)
		DisableScriptedObjects (220ms)
		CreateAndSetChildDomain (251ms)
	RebuildCommonClasses (66ms)
	RebuildNativeTypeToScriptingClass (19ms)
	initialDomainReloadingComplete (171ms)
	LoadAllAssembliesAndSetupDomain (1630ms)
		LoadAssemblies (1548ms)
		AnalyzeDomain (469ms)
			TypeCache.Refresh (29ms)
			BuildScriptInfoCaches (380ms)
			ResolveRequiredComponents (51ms)
	FinalizeReload (4162ms)
		SetupLoadedEditorAssemblies (0ms)
			InitializePlatformSupportModulesInManaged (26ms)
			BeforeProcessingInitializeOnLoad (1132ms)
			ProcessInitializeOnLoadAttributes (1783ms)
			ProcessInitializeOnLoadMethodAttributes (390ms)
		AwakeInstancesAfterBackupRestoration (128ms)
WARNING: Shader Unsupported: 'Universal Render Pipeline/VR/SpatialMapping/Wireframe' - All subshaders removed
WARNING: Shader Did you use #pragma only_renderers and omit this platform?
WARNING: Shader If subshaders removal was intentional, you may have forgotten turning Fallback off?
Shader Hidden/ChartRasterizerHardware is not supported: GPU does not support conservative rasterization
Unloading 26 Unused Serialized files (Serialized files now loaded: 0)
Unloading 7282 unused Assets / (6.8 MB). Loaded Objects now: 8201.
Memory consumption went from 188.8 MB to 182.0 MB.
Total: 30.234125 ms (FindLiveObjects: 9.094334 ms CreateObjectMapping: 1.972375 ms MarkObjects: 8.430458 ms  DeleteObjects: 10.734500 ms)

Prepare: number of updated asset objects reloaded= 0
EnvironmentDependencyValues requested are different than current active one (requested -> active):
  graphicsApiMask: 2048 -> 67584
========================================================================
Received Import Request.
  Time since last request: 1591.770626 seconds.
  path: Assets/Scenes/game.unity
  importAddress: Guid(e4aadcd0be7cf4cc98df6cbd84d80c99) Importer(815301076,1909f56bfc062723c751e8b465ee728b)
Start importing Assets/Scenes/game.unity using Guid(e4aadcd0be7cf4cc98df6cbd84d80c99) Importer(815301076,1909f56bfc062723c751e8b465ee728b) (PreviewImporter) -> (Import Result ID: '5c92b9725dd1bec110a833a3352867d7') in 0.048223417 seconds [static and dynamic dependencies]. Details - ImportResultOutputID=c1b1d89b569a9ca6d179ff4f704761ae DependenciesID=33bdd23a82cf350c65168601d6136873 StaticDependenciesID=6b34a42bd7d90124314ad8748264f09f 
Number of updated asset objects reloaded before import = 0Number of asset objects unloaded after import = 0

========================================================================
Received Prepare
Begin MonoManager ReloadAssembly
Assembly Assembly-CSharp-Editor-firstpass.dll at Library/ScriptAssemblies/Assembly-CSharp-Editor-firstpass.dll not valid. Loading of assembly skipped.
Assembly Assembly-CSharp-firstpass.dll at Library/ScriptAssemblies/Assembly-CSharp-firstpass.dll not valid. Loading of assembly skipped.
Assembly DocCodeExamples.dll at Library/ScriptAssemblies/DocCodeExamples.dll not valid. Loading of assembly skipped.
Assembly TestNewCustomAssembly.dll at Library/ScriptAssemblies/TestNewCustomAssembly.dll not valid. Loading of assembly skipped.
Assembly Unity.2D.Animation.EditorTests.dll at Library/ScriptAssemblies/Unity.2D.Animation.EditorTests.dll not valid. Loading of assembly skipped.
Assembly Unity.2D.Aseprite.EditorTests.dll at Library/ScriptAssemblies/Unity.2D.Aseprite.EditorTests.dll not valid. Loading of assembly skipped.
Assembly Unity.2D.Common.EditorTests.dll at Library/ScriptAssemblies/Unity.2D.Common.EditorTests.dll not valid. Loading of assembly skipped.
Assembly Unity.2D.Psdimporter.EditorTests.dll at Library/ScriptAssemblies/Unity.2D.Psdimporter.EditorTests.dll not valid. Loading of assembly skipped.
Assembly Unity.2D.Sprite.Package.EditorTests.dll at Library/ScriptAssemblies/Unity.2D.Sprite.Package.EditorTests.dll not valid. Loading of assembly skipped.
Assembly Unity.2D.SpriteShape.EditorTests.dll at Library/ScriptAssemblies/Unity.2D.SpriteShape.EditorTests.dll not valid. Loading of assembly skipped.
Assembly Unity.2D.Tilemap.Package.EditorTests.dll at Library/ScriptAssemblies/Unity.2D.Tilemap.Package.EditorTests.dll not valid. Loading of assembly skipped.
Assembly Unity.Collections.BurstCompatibilityGen.dll at Library/ScriptAssemblies/Unity.Collections.BurstCompatibilityGen.dll not valid. Loading of assembly skipped.
Assembly Unity.Collections.DocCodeSamples.dll at Library/ScriptAssemblies/Unity.Collections.DocCodeSamples.dll not valid. Loading of assembly skipped.
Assembly Unity.Collections.PerformanceTests.dll at Library/ScriptAssemblies/Unity.Collections.PerformanceTests.dll not valid. Loading of assembly skipped.
Assembly Unity.Collections.Tests.dll at Library/ScriptAssemblies/Unity.Collections.Tests.dll not valid. Loading of assembly skipped.
Assembly Unity.Collections.Tests.Playmode.dll at Library/ScriptAssemblies/Unity.Collections.Tests.Playmode.dll not valid. Loading of assembly skipped.
Assembly Unity.InputSystem.IntegrationTests.dll at Library/ScriptAssemblies/Unity.InputSystem.IntegrationTests.dll not valid. Loading of assembly skipped.
Assembly Unity.Mathematics.Tests.dll at Library/ScriptAssemblies/Unity.Mathematics.Tests.dll not valid. Loading of assembly skipped.
Assembly Unity.Multiplayer.Center.Editor.Tests.dll at Library/ScriptAssemblies/Unity.Multiplayer.Center.Editor.Tests.dll not valid. Loading of assembly skipped.
Assembly Unity.Multiplayer.Center.Tests.dll at Library/ScriptAssemblies/Unity.Multiplayer.Center.Tests.dll not valid. Loading of assembly skipped.
Assembly Unity.Nuget.Mono-Cecil.dll at Library/ScriptAssemblies/Unity.Nuget.Mono-Cecil.dll not valid. Loading of assembly skipped.
Assembly Unity.PathTracing.Editor.Tests.dll at Library/ScriptAssemblies/Unity.PathTracing.Editor.Tests.dll not valid. Loading of assembly skipped.
Assembly Unity.PathTracing.Runtime.Tests.dll at Library/ScriptAssemblies/Unity.PathTracing.Runtime.Tests.dll not valid. Loading of assembly skipped.
Assembly Unity.RenderPipelines.Core.Editor.Tests.dll at Library/ScriptAssemblies/Unity.RenderPipelines.Core.Editor.Tests.dll not valid. Loading of assembly skipped.
Assembly Unity.RenderPipelines.Core.Runtime.Tests.dll at Library/ScriptAssemblies/Unity.RenderPipelines.Core.Runtime.Tests.dll not valid. Loading of assembly skipped.
Assembly Unity.RenderPipelines.Universal.Config.Editor.Tests.dll at Library/ScriptAssemblies/Unity.RenderPipelines.Universal.Config.Editor.Tests.dll not valid. Loading of assembly skipped.
Assembly Unity.RenderPipelines.Universal.Editor.Tests.dll at Library/ScriptAssemblies/Unity.RenderPipelines.Universal.Editor.Tests.dll not valid. Loading of assembly skipped.
Assembly Unity.RenderPipelines.Universal.Runtime.Tests.dll at Library/ScriptAssemblies/Unity.RenderPipelines.Universal.Runtime.Tests.dll not valid. Loading of assembly skipped.
Assembly Unity.Searcher.EditorTests.dll at Library/ScriptAssemblies/Unity.Searcher.EditorTests.dll not valid. Loading of assembly skipped.
Assembly Unity.ShaderGraph.Editor.Tests.dll at Library/ScriptAssemblies/Unity.ShaderGraph.Editor.Tests.dll not valid. Loading of assembly skipped.
Assembly Unity.TextMeshPro.Editor.Tests.dll at Library/ScriptAssemblies/Unity.TextMeshPro.Editor.Tests.dll not valid. Loading of assembly skipped.
Assembly Unity.TextMeshPro.Tests.dll at Library/ScriptAssemblies/Unity.TextMeshPro.Tests.dll not valid. Loading of assembly skipped.
Assembly Unity.UnifiedRayTracing.Editor.Tests.dll at Library/ScriptAssemblies/Unity.UnifiedRayTracing.Editor.Tests.dll not valid. Loading of assembly skipped.
Assembly UnityEditor.UI.Common.Tests.dll at Library/ScriptAssemblies/UnityEditor.UI.Common.Tests.dll not valid. Loading of assembly skipped.
Assembly UnityEditor.UI.EditorTests.dll at Library/ScriptAssemblies/UnityEditor.UI.EditorTests.dll not valid. Loading of assembly skipped.
Assembly UnityEngine.UI.Tests.dll at Library/ScriptAssemblies/UnityEngine.UI.Tests.dll not valid. Loading of assembly skipped.
Native extension for OSXStandalone target not found
Native extension for WebGL target not found
[Package Manager] Failed to launch server process. Reason: Unity was launched with the -noUpm command-line argument
[Package Manager] Unable to send message (not connected to server process).
[Package Manager] Cannot connect to Unity Package Manager local server
Refreshing native plugins compatible for Editor in 5.75 ms, found 3 plugins.
[Package Manager] Failed to launch server process. Reason: Unity was launched with the -noUpm command-line argument
[Package Manager] Unable to send message (not connected to server process).
[Package Manager] Cannot connect to Unity Package Manager local server
ScheduleIndexationOnStartup MainProcess:False IndexOnStartup:True
Mono: successfully reloaded assembly
- Finished resetting the current domain, in  3.935 seconds
Domain Reload Profiling: 6751ms
	BeginReloadAssembly (1035ms)
		DisableScriptedObjects (151ms)
		CreateAndSetChildDomain (182ms)
	RebuildCommonClasses (71ms)
	RebuildNativeTypeToScriptingClass (19ms)
	initialDomainReloadingComplete (140ms)
	LoadAllAssembliesAndSetupDomain (1549ms)
		LoadAssemblies (1628ms)
		AnalyzeDomain (443ms)
			TypeCache.Refresh (34ms)
			BuildScriptInfoCaches (353ms)
			ResolveRequiredComponents (49ms)
	FinalizeReload (3937ms)
		SetupLoadedEditorAssemblies (0ms)
			InitializePlatformSupportModulesInManaged (13ms)
			BeforeProcessingInitializeOnLoad (784ms)
			ProcessInitializeOnLoadAttributes (1826ms)
			ProcessInitializeOnLoadMethodAttributes (407ms)
			AfterProcessingInitializeOnLoad (3ms)
		AwakeInstancesAfterBackupRestoration (161ms)
WARNING: Shader Unsupported: 'Universal Render Pipeline/VR/SpatialMapping/Wireframe' - All subshaders removed
WARNING: Shader Did you use #pragma only_renderers and omit this platform?
WARNING: Shader If subshaders removal was intentional, you may have forgotten turning Fallback off?
Shader Hidden/ChartRasterizerHardware is not supported: GPU does not support conservative rasterization
Unloading 26 Unused Serialized files (Serialized files now loaded: 0)
Unloading 7282 unused Assets / (7.6 MB). Loaded Objects now: 8204.
Memory consumption went from 189.3 MB to 181.7 MB.
Total: 19.910875 ms (FindLiveObjects: 4.482542 ms CreateObjectMapping: 0.653292 ms MarkObjects: 7.059666 ms  DeleteObjects: 7.714541 ms)

Prepare: number of updated asset objects reloaded= 0
EnvironmentDependencyValues requested are different than current active one (requested -> active):
  graphicsApiMask: 2048 -> 67584
========================================================================
Received Prepare
Begin MonoManager ReloadAssembly
[Licensing::Client] Successfully resolved entitlement details
Assembly Assembly-CSharp-Editor-firstpass.dll at Library/ScriptAssemblies/Assembly-CSharp-Editor-firstpass.dll not valid. Loading of assembly skipped.
Assembly Assembly-CSharp-firstpass.dll at Library/ScriptAssemblies/Assembly-CSharp-firstpass.dll not valid. Loading of assembly skipped.
Assembly DocCodeExamples.dll at Library/ScriptAssemblies/DocCodeExamples.dll not valid. Loading of assembly skipped.
Assembly TestNewCustomAssembly.dll at Library/ScriptAssemblies/TestNewCustomAssembly.dll not valid. Loading of assembly skipped.
Assembly Unity.2D.Animation.EditorTests.dll at Library/ScriptAssemblies/Unity.2D.Animation.EditorTests.dll not valid. Loading of assembly skipped.
Assembly Unity.2D.Aseprite.EditorTests.dll at Library/ScriptAssemblies/Unity.2D.Aseprite.EditorTests.dll not valid. Loading of assembly skipped.
Assembly Unity.2D.Common.EditorTests.dll at Library/ScriptAssemblies/Unity.2D.Common.EditorTests.dll not valid. Loading of assembly skipped.
Assembly Unity.2D.Psdimporter.EditorTests.dll at Library/ScriptAssemblies/Unity.2D.Psdimporter.EditorTests.dll not valid. Loading of assembly skipped.
Assembly Unity.2D.Sprite.Package.EditorTests.dll at Library/ScriptAssemblies/Unity.2D.Sprite.Package.EditorTests.dll not valid. Loading of assembly skipped.
Assembly Unity.2D.SpriteShape.EditorTests.dll at Library/ScriptAssemblies/Unity.2D.SpriteShape.EditorTests.dll not valid. Loading of assembly skipped.
Assembly Unity.2D.Tilemap.Package.EditorTests.dll at Library/ScriptAssemblies/Unity.2D.Tilemap.Package.EditorTests.dll not valid. Loading of assembly skipped.
Assembly Unity.Collections.BurstCompatibilityGen.dll at Library/ScriptAssemblies/Unity.Collections.BurstCompatibilityGen.dll not valid. Loading of assembly skipped.
Assembly Unity.Collections.DocCodeSamples.dll at Library/ScriptAssemblies/Unity.Collections.DocCodeSamples.dll not valid. Loading of assembly skipped.
Assembly Unity.Collections.PerformanceTests.dll at Library/ScriptAssemblies/Unity.Collections.PerformanceTests.dll not valid. Loading of assembly skipped.
Assembly Unity.Collections.Tests.dll at Library/ScriptAssemblies/Unity.Collections.Tests.dll not valid. Loading of assembly skipped.
Assembly Unity.Collections.Tests.Playmode.dll at Library/ScriptAssemblies/Unity.Collections.Tests.Playmode.dll not valid. Loading of assembly skipped.
Assembly Unity.InputSystem.IntegrationTests.dll at Library/ScriptAssemblies/Unity.InputSystem.IntegrationTests.dll not valid. Loading of assembly skipped.
Assembly Unity.Mathematics.Tests.dll at Library/ScriptAssemblies/Unity.Mathematics.Tests.dll not valid. Loading of assembly skipped.
Assembly Unity.Multiplayer.Center.Editor.Tests.dll at Library/ScriptAssemblies/Unity.Multiplayer.Center.Editor.Tests.dll not valid. Loading of assembly skipped.
Assembly Unity.Multiplayer.Center.Tests.dll at Library/ScriptAssemblies/Unity.Multiplayer.Center.Tests.dll not valid. Loading of assembly skipped.
Assembly Unity.Nuget.Mono-Cecil.dll at Library/ScriptAssemblies/Unity.Nuget.Mono-Cecil.dll not valid. Loading of assembly skipped.
Assembly Unity.PathTracing.Editor.Tests.dll at Library/ScriptAssemblies/Unity.PathTracing.Editor.Tests.dll not valid. Loading of assembly skipped.
Assembly Unity.PathTracing.Runtime.Tests.dll at Library/ScriptAssemblies/Unity.PathTracing.Runtime.Tests.dll not valid. Loading of assembly skipped.
Assembly Unity.RenderPipelines.Core.Editor.Tests.dll at Library/ScriptAssemblies/Unity.RenderPipelines.Core.Editor.Tests.dll not valid. Loading of assembly skipped.
Assembly Unity.RenderPipelines.Core.Runtime.Tests.dll at Library/ScriptAssemblies/Unity.RenderPipelines.Core.Runtime.Tests.dll not valid. Loading of assembly skipped.
Assembly Unity.RenderPipelines.Universal.Config.Editor.Tests.dll at Library/ScriptAssemblies/Unity.RenderPipelines.Universal.Config.Editor.Tests.dll not valid. Loading of assembly skipped.
Assembly Unity.RenderPipelines.Universal.Editor.Tests.dll at Library/ScriptAssemblies/Unity.RenderPipelines.Universal.Editor.Tests.dll not valid. Loading of assembly skipped.
Assembly Unity.RenderPipelines.Universal.Runtime.Tests.dll at Library/ScriptAssemblies/Unity.RenderPipelines.Universal.Runtime.Tests.dll not valid. Loading of assembly skipped.
Assembly Unity.Searcher.EditorTests.dll at Library/ScriptAssemblies/Unity.Searcher.EditorTests.dll not valid. Loading of assembly skipped.
Assembly Unity.ShaderGraph.Editor.Tests.dll at Library/ScriptAssemblies/Unity.ShaderGraph.Editor.Tests.dll not valid. Loading of assembly skipped.
Assembly Unity.TextMeshPro.Editor.Tests.dll at Library/ScriptAssemblies/Unity.TextMeshPro.Editor.Tests.dll not valid. Loading of assembly skipped.
Assembly Unity.TextMeshPro.Tests.dll at Library/ScriptAssemblies/Unity.TextMeshPro.Tests.dll not valid. Loading of assembly skipped.
Assembly Unity.UnifiedRayTracing.Editor.Tests.dll at Library/ScriptAssemblies/Unity.UnifiedRayTracing.Editor.Tests.dll not valid. Loading of assembly skipped.
Assembly UnityEditor.UI.Common.Tests.dll at Library/ScriptAssemblies/UnityEditor.UI.Common.Tests.dll not valid. Loading of assembly skipped.
Assembly UnityEditor.UI.EditorTests.dll at Library/ScriptAssemblies/UnityEditor.UI.EditorTests.dll not valid. Loading of assembly skipped.
Assembly UnityEngine.UI.Tests.dll at Library/ScriptAssemblies/UnityEngine.UI.Tests.dll not valid. Loading of assembly skipped.
Native extension for OSXStandalone target not found
Native extension for WebGL target not found
[Package Manager] Failed to launch server process. Reason: Unity was launched with the -noUpm command-line argument
[Package Manager] Unable to send message (not connected to server process).
[Package Manager] Cannot connect to Unity Package Manager local server
Refreshing native plugins compatible for Editor in 3.55 ms, found 3 plugins.
[Package Manager] Failed to launch server process. Reason: Unity was launched with the -noUpm command-line argument
[Package Manager] Unable to send message (not connected to server process).
[Package Manager] Cannot connect to Unity Package Manager local server
ScheduleIndexationOnStartup MainProcess:False IndexOnStartup:True
Mono: successfully reloaded assembly
- Finished resetting the current domain, in  3.639 seconds
Domain Reload Profiling: 6181ms
	BeginReloadAssembly (771ms)
		DisableScriptedObjects (127ms)
		CreateAndSetChildDomain (158ms)
	RebuildCommonClasses (68ms)
	RebuildNativeTypeToScriptingClass (19ms)
	initialDomainReloadingComplete (160ms)
	LoadAllAssembliesAndSetupDomain (1521ms)
		LoadAssemblies (1334ms)
		AnalyzeDomain (485ms)
			TypeCache.Refresh (33ms)
			BuildScriptInfoCaches (397ms)
			ResolveRequiredComponents (50ms)
	FinalizeReload (3641ms)
		SetupLoadedEditorAssemblies (0ms)
			InitializePlatformSupportModulesInManaged (10ms)
			BeforeProcessingInitializeOnLoad (848ms)
			ProcessInitializeOnLoadAttributes (1674ms)
			ProcessInitializeOnLoadMethodAttributes (381ms)
		AwakeInstancesAfterBackupRestoration (124ms)
WARNING: Shader Unsupported: 'Universal Render Pipeline/VR/SpatialMapping/Wireframe' - All subshaders removed
WARNING: Shader Did you use #pragma only_renderers and omit this platform?
WARNING: Shader If subshaders removal was intentional, you may have forgotten turning Fallback off?
Shader Hidden/ChartRasterizerHardware is not supported: GPU does not support conservative rasterization
Unloading 26 Unused Serialized files (Serialized files now loaded: 0)
Unloading 7282 unused Assets / (3.0 MB). Loaded Objects now: 8207.
Memory consumption went from 189.7 MB to 186.7 MB.
Total: 39.534500 ms (FindLiveObjects: 12.827375 ms CreateObjectMapping: 1.176583 ms MarkObjects: 11.849083 ms  DeleteObjects: 13.680208 ms)

Prepare: number of updated asset objects reloaded= 0
EnvironmentDependencyValues requested are different than current active one (requested -> active):
  graphicsApiMask: 2048 -> 67584
========================================================================
Received Import Request.
  Time since last request: 335.150107 seconds.
  path: Assets/Scripts/Poker/View/PokerGame.cs
  importAddress: Guid(dcd99d42449a94dec9123006c23705c2) Importer(2089858483,b0f066a214c2f5e87bad3c948f4d605d)
Start importing Assets/Scripts/Poker/View/PokerGame.cs using Guid(dcd99d42449a94dec9123006c23705c2) Importer(2089858483,b0f066a214c2f5e87bad3c948f4d605d) (ScriptedImporter) -> (Import Result ID: 'be4ec09e298979c21057fcf022a576ae') in 0.527869542 seconds [static and dynamic dependencies]. Details - ImportResultOutputID=134e798c62eca876eec7bf569a4c8375 DependenciesID=ab40ae779c762c4658aa8f08ff8790c3 StaticDependenciesID=eab9a6008b63707319f9c996a5aace28 
Number of updated asset objects reloaded before import = 0Number of asset objects unloaded after import = 0

========================================================================
Received Import Request.
  Time since last request: 0.000152 seconds.
  path: Assets/Resources/Menu/MenuBG.png
  importAddress: Guid(b5bbea5622754ad0ad101067eb84f491) Importer(2089858483,b0f066a214c2f5e87bad3c948f4d605d)
Start importing Assets/Resources/Menu/MenuBG.png using Guid(b5bbea5622754ad0ad101067eb84f491) Importer(2089858483,b0f066a214c2f5e87bad3c948f4d605d) (ScriptedImporter) -> (Import Result ID: 'db69611dc02d54ef81c1b3fb3ab0a921') in 0.196593 seconds [static and dynamic dependencies]. Details - ImportResultOutputID=33bf089f5be0f0e9ad7801dc8333386a DependenciesID=4f8bb64dae58e08a3ebad818778d12e8 StaticDependenciesID=202e9ade06d39cd7772bacf1be78ee6f 
Number of updated asset objects reloaded before import = 0Number of asset objects unloaded after import = 3

========================================================================
Received Import Request.
  Time since last request: 837.914048 seconds.
  path: Assets/Settings/Build Profiles/Web.asset
  importAddress: Guid(547a054cddd314bf988ad70ce7bd5dd8) Importer(2089858483,b0f066a214c2f5e87bad3c948f4d605d)
Start importing Assets/Settings/Build Profiles/Web.asset using Guid(547a054cddd314bf988ad70ce7bd5dd8) Importer(2089858483,b0f066a214c2f5e87bad3c948f4d605d) (ScriptedImporter) -> (Import Result ID: '7a52eafb7acac7a07e618ca33b616e2f') in 0.5079185 seconds [static and dynamic dependencies]. Details - ImportResultOutputID=4cd175a045edc98545cdef51d8e56e31 DependenciesID=8e55472e009ed2aa06ba60b1b423c50f StaticDependenciesID=1553766fe181bbf8759db4e149f02938 
Number of updated asset objects reloaded before import = 1Number of asset objects unloaded after import = 0

========================================================================
Received Import Request.
  Time since last request: 64382.196801 seconds.
  path: Assets/AssetsV2/strangerThanHaven.webp
  importAddress: Guid(2879edb8aeace454db790ad59989fac0) Importer(2089858483,b0f066a214c2f5e87bad3c948f4d605d)
Start importing Assets/AssetsV2/strangerThanHaven.webp using Guid(2879edb8aeace454db790ad59989fac0) Importer(2089858483,b0f066a214c2f5e87bad3c948f4d605d) (ScriptedImporter) -> (Import Result ID: '334199f7bb8a8cc628fcfc5af43aa654') in 0.881969084 seconds [static and dynamic dependencies]. Details - ImportResultOutputID=3163710ca7ac15609e9af842d13a922e DependenciesID=7973b6d4a4e2585f44cac6236d15d156 StaticDependenciesID=5872a9bfe67580a520a79b6432e4d896 
Number of updated asset objects reloaded before import = 0Number of asset objects unloaded after import = 1

========================================================================
Received Prepare
Begin MonoManager ReloadAssembly
[Licensing::Client] Successfully resolved entitlement details
Assembly Assembly-CSharp-Editor-firstpass.dll at Library/ScriptAssemblies/Assembly-CSharp-Editor-firstpass.dll not valid. Loading of assembly skipped.
Assembly Assembly-CSharp-firstpass.dll at Library/ScriptAssemblies/Assembly-CSharp-firstpass.dll not valid. Loading of assembly skipped.
Assembly DocCodeExamples.dll at Library/ScriptAssemblies/DocCodeExamples.dll not valid. Loading of assembly skipped.
Assembly TestNewCustomAssembly.dll at Library/ScriptAssemblies/TestNewCustomAssembly.dll not valid. Loading of assembly skipped.
Assembly Unity.2D.Animation.EditorTests.dll at Library/ScriptAssemblies/Unity.2D.Animation.EditorTests.dll not valid. Loading of assembly skipped.
Assembly Unity.2D.Aseprite.EditorTests.dll at Library/ScriptAssemblies/Unity.2D.Aseprite.EditorTests.dll not valid. Loading of assembly skipped.
Assembly Unity.2D.Common.EditorTests.dll at Library/ScriptAssemblies/Unity.2D.Common.EditorTests.dll not valid. Loading of assembly skipped.
Assembly Unity.2D.Psdimporter.EditorTests.dll at Library/ScriptAssemblies/Unity.2D.Psdimporter.EditorTests.dll not valid. Loading of assembly skipped.
Assembly Unity.2D.Sprite.Package.EditorTests.dll at Library/ScriptAssemblies/Unity.2D.Sprite.Package.EditorTests.dll not valid. Loading of assembly skipped.
Assembly Unity.2D.SpriteShape.EditorTests.dll at Library/ScriptAssemblies/Unity.2D.SpriteShape.EditorTests.dll not valid. Loading of assembly skipped.
Assembly Unity.2D.Tilemap.Package.EditorTests.dll at Library/ScriptAssemblies/Unity.2D.Tilemap.Package.EditorTests.dll not valid. Loading of assembly skipped.
Assembly Unity.Collections.BurstCompatibilityGen.dll at Library/ScriptAssemblies/Unity.Collections.BurstCompatibilityGen.dll not valid. Loading of assembly skipped.
Assembly Unity.Collections.DocCodeSamples.dll at Library/ScriptAssemblies/Unity.Collections.DocCodeSamples.dll not valid. Loading of assembly skipped.
Assembly Unity.Collections.PerformanceTests.dll at Library/ScriptAssemblies/Unity.Collections.PerformanceTests.dll not valid. Loading of assembly skipped.
Assembly Unity.Collections.Tests.dll at Library/ScriptAssemblies/Unity.Collections.Tests.dll not valid. Loading of assembly skipped.
Assembly Unity.Collections.Tests.Playmode.dll at Library/ScriptAssemblies/Unity.Collections.Tests.Playmode.dll not valid. Loading of assembly skipped.
Assembly Unity.InputSystem.IntegrationTests.dll at Library/ScriptAssemblies/Unity.InputSystem.IntegrationTests.dll not valid. Loading of assembly skipped.
Assembly Unity.Mathematics.Tests.dll at Library/ScriptAssemblies/Unity.Mathematics.Tests.dll not valid. Loading of assembly skipped.
Assembly Unity.Multiplayer.Center.Editor.Tests.dll at Library/ScriptAssemblies/Unity.Multiplayer.Center.Editor.Tests.dll not valid. Loading of assembly skipped.
Assembly Unity.Multiplayer.Center.Tests.dll at Library/ScriptAssemblies/Unity.Multiplayer.Center.Tests.dll not valid. Loading of assembly skipped.
Assembly Unity.Nuget.Mono-Cecil.dll at Library/ScriptAssemblies/Unity.Nuget.Mono-Cecil.dll not valid. Loading of assembly skipped.
Assembly Unity.PathTracing.Editor.Tests.dll at Library/ScriptAssemblies/Unity.PathTracing.Editor.Tests.dll not valid. Loading of assembly skipped.
Assembly Unity.PathTracing.Runtime.Tests.dll at Library/ScriptAssemblies/Unity.PathTracing.Runtime.Tests.dll not valid. Loading of assembly skipped.
Assembly Unity.RenderPipelines.Core.Editor.Tests.dll at Library/ScriptAssemblies/Unity.RenderPipelines.Core.Editor.Tests.dll not valid. Loading of assembly skipped.
Assembly Unity.RenderPipelines.Core.Runtime.Tests.dll at Library/ScriptAssemblies/Unity.RenderPipelines.Core.Runtime.Tests.dll not valid. Loading of assembly skipped.
Assembly Unity.RenderPipelines.Universal.Config.Editor.Tests.dll at Library/ScriptAssemblies/Unity.RenderPipelines.Universal.Config.Editor.Tests.dll not valid. Loading of assembly skipped.
Assembly Unity.RenderPipelines.Universal.Editor.Tests.dll at Library/ScriptAssemblies/Unity.RenderPipelines.Universal.Editor.Tests.dll not valid. Loading of assembly skipped.
Assembly Unity.RenderPipelines.Universal.Runtime.Tests.dll at Library/ScriptAssemblies/Unity.RenderPipelines.Universal.Runtime.Tests.dll not valid. Loading of assembly skipped.
Assembly Unity.Searcher.EditorTests.dll at Library/ScriptAssemblies/Unity.Searcher.EditorTests.dll not valid. Loading of assembly skipped.
Assembly Unity.ShaderGraph.Editor.Tests.dll at Library/ScriptAssemblies/Unity.ShaderGraph.Editor.Tests.dll not valid. Loading of assembly skipped.
Assembly Unity.TextMeshPro.Editor.Tests.dll at Library/ScriptAssemblies/Unity.TextMeshPro.Editor.Tests.dll not valid. Loading of assembly skipped.
Assembly Unity.TextMeshPro.Tests.dll at Library/ScriptAssemblies/Unity.TextMeshPro.Tests.dll not valid. Loading of assembly skipped.
Assembly Unity.UnifiedRayTracing.Editor.Tests.dll at Library/ScriptAssemblies/Unity.UnifiedRayTracing.Editor.Tests.dll not valid. Loading of assembly skipped.
Assembly UnityEditor.UI.Common.Tests.dll at Library/ScriptAssemblies/UnityEditor.UI.Common.Tests.dll not valid. Loading of assembly skipped.
Assembly UnityEditor.UI.EditorTests.dll at Library/ScriptAssemblies/UnityEditor.UI.EditorTests.dll not valid. Loading of assembly skipped.
Assembly UnityEngine.UI.Tests.dll at Library/ScriptAssemblies/UnityEngine.UI.Tests.dll not valid. Loading of assembly skipped.
Refreshing native plugins compatible for Editor in 2.70 ms, found 3 plugins.
Native extension for OSXStandalone target not found
Native extension for WebGL target not found
[Package Manager] Failed to launch server process. Reason: Unity was launched with the -noUpm command-line argument
[Package Manager] Unable to send message (not connected to server process).
[Package Manager] Cannot connect to Unity Package Manager local server
[Package Manager] Failed to launch server process. Reason: Unity was launched with the -noUpm command-line argument
[Package Manager] Unable to send message (not connected to server process).
[Package Manager] Cannot connect to Unity Package Manager local server
ScheduleIndexationOnStartup MainProcess:False IndexOnStartup:True
Mono: successfully reloaded assembly
- Finished resetting the current domain, in  3.898 seconds
Domain Reload Profiling: 10179ms
	BeginReloadAssembly (3356ms)
		DisableScriptedObjects (701ms)
		ReleaseScriptingObjects (4ms)
		CreateAndSetChildDomain (835ms)
	RebuildCommonClasses (88ms)
	RebuildNativeTypeToScriptingClass (19ms)
	initialDomainReloadingComplete (359ms)
	LoadAllAssembliesAndSetupDomain (2457ms)
		LoadAssemblies (2578ms)
		AnalyzeDomain (827ms)
			TypeCache.Refresh (79ms)
			BuildScriptInfoCaches (645ms)
			ResolveRequiredComponents (81ms)
	FinalizeReload (3900ms)
		SetupLoadedEditorAssemblies (0ms)
			InitializePlatformSupportModulesInManaged (12ms)
			BeforeProcessingInitializeOnLoad (893ms)
			ProcessInitializeOnLoadAttributes (1765ms)
			ProcessInitializeOnLoadMethodAttributes (386ms)
		AwakeInstancesAfterBackupRestoration (134ms)
WARNING: Shader Unsupported: 'Universal Render Pipeline/VR/SpatialMapping/Wireframe' - All subshaders removed
WARNING: Shader Did you use #pragma only_renderers and omit this platform?
WARNING: Shader If subshaders removal was intentional, you may have forgotten turning Fallback off?
Shader Hidden/ChartRasterizerHardware is not supported: GPU does not support conservative rasterization
Unloading 26 Unused Serialized files (Serialized files now loaded: 0)
Unloading 7282 unused Assets / (5.6 MB). Loaded Objects now: 8210.
Memory consumption went from 182.1 MB to 176.5 MB.
Total: 26.975542 ms (FindLiveObjects: 5.201666 ms CreateObjectMapping: 1.484250 ms MarkObjects: 12.052292 ms  DeleteObjects: 8.234375 ms)

Prepare: number of updated asset objects reloaded= 0
EnvironmentDependencyValues requested are different than current active one (requested -> active):
  graphicsApiMask: 2048 -> 67584
========================================================================
Received Prepare
Begin MonoManager ReloadAssembly
[Licensing::Client] Successfully resolved entitlement details
Assembly Assembly-CSharp-Editor-firstpass.dll at Library/ScriptAssemblies/Assembly-CSharp-Editor-firstpass.dll not valid. Loading of assembly skipped.
Assembly Assembly-CSharp-firstpass.dll at Library/ScriptAssemblies/Assembly-CSharp-firstpass.dll not valid. Loading of assembly skipped.
Assembly DocCodeExamples.dll at Library/ScriptAssemblies/DocCodeExamples.dll not valid. Loading of assembly skipped.
Assembly TestNewCustomAssembly.dll at Library/ScriptAssemblies/TestNewCustomAssembly.dll not valid. Loading of assembly skipped.
Assembly Unity.2D.Animation.EditorTests.dll at Library/ScriptAssemblies/Unity.2D.Animation.EditorTests.dll not valid. Loading of assembly skipped.
Assembly Unity.2D.Aseprite.EditorTests.dll at Library/ScriptAssemblies/Unity.2D.Aseprite.EditorTests.dll not valid. Loading of assembly skipped.
Assembly Unity.2D.Common.EditorTests.dll at Library/ScriptAssemblies/Unity.2D.Common.EditorTests.dll not valid. Loading of assembly skipped.
Assembly Unity.2D.Psdimporter.EditorTests.dll at Library/ScriptAssemblies/Unity.2D.Psdimporter.EditorTests.dll not valid. Loading of assembly skipped.
Assembly Unity.2D.Sprite.Package.EditorTests.dll at Library/ScriptAssemblies/Unity.2D.Sprite.Package.EditorTests.dll not valid. Loading of assembly skipped.
Assembly Unity.2D.SpriteShape.EditorTests.dll at Library/ScriptAssemblies/Unity.2D.SpriteShape.EditorTests.dll not valid. Loading of assembly skipped.
Assembly Unity.2D.Tilemap.Package.EditorTests.dll at Library/ScriptAssemblies/Unity.2D.Tilemap.Package.EditorTests.dll not valid. Loading of assembly skipped.
Assembly Unity.Collections.BurstCompatibilityGen.dll at Library/ScriptAssemblies/Unity.Collections.BurstCompatibilityGen.dll not valid. Loading of assembly skipped.
Assembly Unity.Collections.DocCodeSamples.dll at Library/ScriptAssemblies/Unity.Collections.DocCodeSamples.dll not valid. Loading of assembly skipped.
Assembly Unity.Collections.PerformanceTests.dll at Library/ScriptAssemblies/Unity.Collections.PerformanceTests.dll not valid. Loading of assembly skipped.
Assembly Unity.Collections.Tests.dll at Library/ScriptAssemblies/Unity.Collections.Tests.dll not valid. Loading of assembly skipped.
Assembly Unity.Collections.Tests.Playmode.dll at Library/ScriptAssemblies/Unity.Collections.Tests.Playmode.dll not valid. Loading of assembly skipped.
Assembly Unity.InputSystem.IntegrationTests.dll at Library/ScriptAssemblies/Unity.InputSystem.IntegrationTests.dll not valid. Loading of assembly skipped.
Assembly Unity.Mathematics.Tests.dll at Library/ScriptAssemblies/Unity.Mathematics.Tests.dll not valid. Loading of assembly skipped.
Assembly Unity.Multiplayer.Center.Editor.Tests.dll at Library/ScriptAssemblies/Unity.Multiplayer.Center.Editor.Tests.dll not valid. Loading of assembly skipped.
Assembly Unity.Multiplayer.Center.Tests.dll at Library/ScriptAssemblies/Unity.Multiplayer.Center.Tests.dll not valid. Loading of assembly skipped.
Assembly Unity.Nuget.Mono-Cecil.dll at Library/ScriptAssemblies/Unity.Nuget.Mono-Cecil.dll not valid. Loading of assembly skipped.
Assembly Unity.PathTracing.Editor.Tests.dll at Library/ScriptAssemblies/Unity.PathTracing.Editor.Tests.dll not valid. Loading of assembly skipped.
Assembly Unity.PathTracing.Runtime.Tests.dll at Library/ScriptAssemblies/Unity.PathTracing.Runtime.Tests.dll not valid. Loading of assembly skipped.
Assembly Unity.RenderPipelines.Core.Editor.Tests.dll at Library/ScriptAssemblies/Unity.RenderPipelines.Core.Editor.Tests.dll not valid. Loading of assembly skipped.
Assembly Unity.RenderPipelines.Core.Runtime.Tests.dll at Library/ScriptAssemblies/Unity.RenderPipelines.Core.Runtime.Tests.dll not valid. Loading of assembly skipped.
Assembly Unity.RenderPipelines.Universal.Config.Editor.Tests.dll at Library/ScriptAssemblies/Unity.RenderPipelines.Universal.Config.Editor.Tests.dll not valid. Loading of assembly skipped.
Assembly Unity.RenderPipelines.Universal.Editor.Tests.dll at Library/ScriptAssemblies/Unity.RenderPipelines.Universal.Editor.Tests.dll not valid. Loading of assembly skipped.
Assembly Unity.RenderPipelines.Universal.Runtime.Tests.dll at Library/ScriptAssemblies/Unity.RenderPipelines.Universal.Runtime.Tests.dll not valid. Loading of assembly skipped.
Assembly Unity.Searcher.EditorTests.dll at Library/ScriptAssemblies/Unity.Searcher.EditorTests.dll not valid. Loading of assembly skipped.
Assembly Unity.ShaderGraph.Editor.Tests.dll at Library/ScriptAssemblies/Unity.ShaderGraph.Editor.Tests.dll not valid. Loading of assembly skipped.
Assembly Unity.TextMeshPro.Editor.Tests.dll at Library/ScriptAssemblies/Unity.TextMeshPro.Editor.Tests.dll not valid. Loading of assembly skipped.
Assembly Unity.TextMeshPro.Tests.dll at Library/ScriptAssemblies/Unity.TextMeshPro.Tests.dll not valid. Loading of assembly skipped.
Assembly Unity.UnifiedRayTracing.Editor.Tests.dll at Library/ScriptAssemblies/Unity.UnifiedRayTracing.Editor.Tests.dll not valid. Loading of assembly skipped.
Assembly UnityEditor.UI.Common.Tests.dll at Library/ScriptAssemblies/UnityEditor.UI.Common.Tests.dll not valid. Loading of assembly skipped.
Assembly UnityEditor.UI.EditorTests.dll at Library/ScriptAssemblies/UnityEditor.UI.EditorTests.dll not valid. Loading of assembly skipped.
Assembly UnityEngine.UI.Tests.dll at Library/ScriptAssemblies/UnityEngine.UI.Tests.dll not valid. Loading of assembly skipped.
Native extension for OSXStandalone target not found
Native extension for WebGL target not found
[Package Manager] Failed to launch server process. Reason: Unity was launched with the -noUpm command-line argument
[Package Manager] Unable to send message (not connected to server process).
[Package Manager] Cannot connect to Unity Package Manager local server
[Package Manager] Failed to launch server process. Reason: Unity was launched with the -noUpm command-line argument
[Package Manager] Unable to send message (not connected to server process).
[Package Manager] Cannot connect to Unity Package Manager local server
ScheduleIndexationOnStartup MainProcess:False IndexOnStartup:True
Mono: successfully reloaded assembly
- Finished resetting the current domain, in  3.421 seconds
Domain Reload Profiling: 5758ms
	BeginReloadAssembly (812ms)
		DisableScriptedObjects (156ms)
		CreateAndSetChildDomain (168ms)
	RebuildCommonClasses (74ms)
	RebuildNativeTypeToScriptingClass (21ms)
	initialDomainReloadingComplete (174ms)
	LoadAllAssembliesAndSetupDomain (1254ms)
		LoadAssemblies (1058ms)
		AnalyzeDomain (481ms)
			TypeCache.Refresh (31ms)
			BuildScriptInfoCaches (394ms)
			ResolveRequiredComponents (50ms)
	FinalizeReload (3423ms)
		SetupLoadedEditorAssemblies (0ms)
			InitializePlatformSupportModulesInManaged (8ms)
			BeforeProcessingInitializeOnLoad (739ms)
			ProcessInitializeOnLoadAttributes (1601ms)
			ProcessInitializeOnLoadMethodAttributes (382ms)
		AwakeInstancesAfterBackupRestoration (133ms)
WARNING: Shader Unsupported: 'Universal Render Pipeline/VR/SpatialMapping/Wireframe' - All subshaders removed
WARNING: Shader Did you use #pragma only_renderers and omit this platform?
WARNING: Shader If subshaders removal was intentional, you may have forgotten turning Fallback off?
Shader Hidden/ChartRasterizerHardware is not supported: GPU does not support conservative rasterization
Unloading 26 Unused Serialized files (Serialized files now loaded: 0)
Unloading 7282 unused Assets / (6.1 MB). Loaded Objects now: 8213.
Memory consumption went from 182.5 MB to 176.4 MB.
Total: 30.652750 ms (FindLiveObjects: 9.094875 ms CreateObjectMapping: 1.802000 ms MarkObjects: 9.522250 ms  DeleteObjects: 10.232250 ms)

Prepare: number of updated asset objects reloaded= 0
EnvironmentDependencyValues requested are different than current active one (requested -> active):
  graphicsApiMask: 2048 -> 67584
========================================================================
Received Prepare
Begin MonoManager ReloadAssembly
[Licensing::Client] Successfully resolved entitlement details
Assembly Assembly-CSharp-Editor-firstpass.dll at Library/ScriptAssemblies/Assembly-CSharp-Editor-firstpass.dll not valid. Loading of assembly skipped.
Assembly Assembly-CSharp-firstpass.dll at Library/ScriptAssemblies/Assembly-CSharp-firstpass.dll not valid. Loading of assembly skipped.
Assembly DocCodeExamples.dll at Library/ScriptAssemblies/DocCodeExamples.dll not valid. Loading of assembly skipped.
Assembly TestNewCustomAssembly.dll at Library/ScriptAssemblies/TestNewCustomAssembly.dll not valid. Loading of assembly skipped.
Assembly Unity.2D.Animation.EditorTests.dll at Library/ScriptAssemblies/Unity.2D.Animation.EditorTests.dll not valid. Loading of assembly skipped.
Assembly Unity.2D.Aseprite.EditorTests.dll at Library/ScriptAssemblies/Unity.2D.Aseprite.EditorTests.dll not valid. Loading of assembly skipped.
Assembly Unity.2D.Common.EditorTests.dll at Library/ScriptAssemblies/Unity.2D.Common.EditorTests.dll not valid. Loading of assembly skipped.
Assembly Unity.2D.Psdimporter.EditorTests.dll at Library/ScriptAssemblies/Unity.2D.Psdimporter.EditorTests.dll not valid. Loading of assembly skipped.
Assembly Unity.2D.Sprite.Package.EditorTests.dll at Library/ScriptAssemblies/Unity.2D.Sprite.Package.EditorTests.dll not valid. Loading of assembly skipped.
Assembly Unity.2D.SpriteShape.EditorTests.dll at Library/ScriptAssemblies/Unity.2D.SpriteShape.EditorTests.dll not valid. Loading of assembly skipped.
Assembly Unity.2D.Tilemap.Package.EditorTests.dll at Library/ScriptAssemblies/Unity.2D.Tilemap.Package.EditorTests.dll not valid. Loading of assembly skipped.
Assembly Unity.Collections.BurstCompatibilityGen.dll at Library/ScriptAssemblies/Unity.Collections.BurstCompatibilityGen.dll not valid. Loading of assembly skipped.
Assembly Unity.Collections.DocCodeSamples.dll at Library/ScriptAssemblies/Unity.Collections.DocCodeSamples.dll not valid. Loading of assembly skipped.
Assembly Unity.Collections.PerformanceTests.dll at Library/ScriptAssemblies/Unity.Collections.PerformanceTests.dll not valid. Loading of assembly skipped.
Assembly Unity.Collections.Tests.dll at Library/ScriptAssemblies/Unity.Collections.Tests.dll not valid. Loading of assembly skipped.
Assembly Unity.Collections.Tests.Playmode.dll at Library/ScriptAssemblies/Unity.Collections.Tests.Playmode.dll not valid. Loading of assembly skipped.
Assembly Unity.InputSystem.IntegrationTests.dll at Library/ScriptAssemblies/Unity.InputSystem.IntegrationTests.dll not valid. Loading of assembly skipped.
Assembly Unity.Mathematics.Tests.dll at Library/ScriptAssemblies/Unity.Mathematics.Tests.dll not valid. Loading of assembly skipped.
Assembly Unity.Multiplayer.Center.Editor.Tests.dll at Library/ScriptAssemblies/Unity.Multiplayer.Center.Editor.Tests.dll not valid. Loading of assembly skipped.
Assembly Unity.Multiplayer.Center.Tests.dll at Library/ScriptAssemblies/Unity.Multiplayer.Center.Tests.dll not valid. Loading of assembly skipped.
Assembly Unity.Nuget.Mono-Cecil.dll at Library/ScriptAssemblies/Unity.Nuget.Mono-Cecil.dll not valid. Loading of assembly skipped.
Assembly Unity.PathTracing.Editor.Tests.dll at Library/ScriptAssemblies/Unity.PathTracing.Editor.Tests.dll not valid. Loading of assembly skipped.
Assembly Unity.PathTracing.Runtime.Tests.dll at Library/ScriptAssemblies/Unity.PathTracing.Runtime.Tests.dll not valid. Loading of assembly skipped.
Assembly Unity.RenderPipelines.Core.Editor.Tests.dll at Library/ScriptAssemblies/Unity.RenderPipelines.Core.Editor.Tests.dll not valid. Loading of assembly skipped.
Assembly Unity.RenderPipelines.Core.Runtime.Tests.dll at Library/ScriptAssemblies/Unity.RenderPipelines.Core.Runtime.Tests.dll not valid. Loading of assembly skipped.
Assembly Unity.RenderPipelines.Universal.Config.Editor.Tests.dll at Library/ScriptAssemblies/Unity.RenderPipelines.Universal.Config.Editor.Tests.dll not valid. Loading of assembly skipped.
Assembly Unity.RenderPipelines.Universal.Editor.Tests.dll at Library/ScriptAssemblies/Unity.RenderPipelines.Universal.Editor.Tests.dll not valid. Loading of assembly skipped.
Assembly Unity.RenderPipelines.Universal.Runtime.Tests.dll at Library/ScriptAssemblies/Unity.RenderPipelines.Universal.Runtime.Tests.dll not valid. Loading of assembly skipped.
Assembly Unity.Searcher.EditorTests.dll at Library/ScriptAssemblies/Unity.Searcher.EditorTests.dll not valid. Loading of assembly skipped.
Assembly Unity.ShaderGraph.Editor.Tests.dll at Library/ScriptAssemblies/Unity.ShaderGraph.Editor.Tests.dll not valid. Loading of assembly skipped.
Assembly Unity.TextMeshPro.Editor.Tests.dll at Library/ScriptAssemblies/Unity.TextMeshPro.Editor.Tests.dll not valid. Loading of assembly skipped.
Assembly Unity.TextMeshPro.Tests.dll at Library/ScriptAssemblies/Unity.TextMeshPro.Tests.dll not valid. Loading of assembly skipped.
Assembly Unity.UnifiedRayTracing.Editor.Tests.dll at Library/ScriptAssemblies/Unity.UnifiedRayTracing.Editor.Tests.dll not valid. Loading of assembly skipped.
Assembly UnityEditor.UI.Common.Tests.dll at Library/ScriptAssemblies/UnityEditor.UI.Common.Tests.dll not valid. Loading of assembly skipped.
Assembly UnityEditor.UI.EditorTests.dll at Library/ScriptAssemblies/UnityEditor.UI.EditorTests.dll not valid. Loading of assembly skipped.
Assembly UnityEngine.UI.Tests.dll at Library/ScriptAssemblies/UnityEngine.UI.Tests.dll not valid. Loading of assembly skipped.
Native extension for OSXStandalone target not found
Native extension for WebGL target not found
[Package Manager] Failed to launch server process. Reason: Unity was launched with the -noUpm command-line argument
[Package Manager] Unable to send message (not connected to server process).
[Package Manager] Cannot connect to Unity Package Manager local server
[Package Manager] Failed to launch server process. Reason: Unity was launched with the -noUpm command-line argument
[Package Manager] Unable to send message (not connected to server process).
[Package Manager] Cannot connect to Unity Package Manager local server
ScheduleIndexationOnStartup MainProcess:False IndexOnStartup:True
Mono: successfully reloaded assembly
- Finished resetting the current domain, in  3.603 seconds
Domain Reload Profiling: 8219ms
	BeginReloadAssembly (2419ms)
		DisableScriptedObjects (537ms)
		ReleaseScriptingObjects (3ms)
		CreateAndSetChildDomain (676ms)
	RebuildCommonClasses (73ms)
	RebuildNativeTypeToScriptingClass (18ms)
	initialDomainReloadingComplete (356ms)
	LoadAllAssembliesAndSetupDomain (1746ms)
		LoadAssemblies (1777ms)
		AnalyzeDomain (577ms)
			TypeCache.Refresh (75ms)
				TypeCache.ScanAssembly (9ms)
			BuildScriptInfoCaches (432ms)
			ResolveRequiredComponents (62ms)
	FinalizeReload (3606ms)
		SetupLoadedEditorAssemblies (0ms)
			InitializePlatformSupportModulesInManaged (8ms)
			BeforeProcessingInitializeOnLoad (902ms)
			ProcessInitializeOnLoadAttributes (1577ms)
			ProcessInitializeOnLoadMethodAttributes (331ms)
		AwakeInstancesAfterBackupRestoration (150ms)
WARNING: Shader Unsupported: 'Universal Render Pipeline/VR/SpatialMapping/Wireframe' - All subshaders removed
WARNING: Shader Did you use #pragma only_renderers and omit this platform?
WARNING: Shader If subshaders removal was intentional, you may have forgotten turning Fallback off?
Shader Hidden/ChartRasterizerHardware is not supported: GPU does not support conservative rasterization
Unloading 27 Unused Serialized files (Serialized files now loaded: 0)
Unloading 7300 unused Assets / (5.5 MB). Loaded Objects now: 8233.
Memory consumption went from 185.0 MB to 179.5 MB.
Total: 26.972083 ms (FindLiveObjects: 5.733875 ms CreateObjectMapping: 1.367166 ms MarkObjects: 8.925458 ms  DeleteObjects: 10.943125 ms)

Prepare: number of updated asset objects reloaded= 1
EnvironmentDependencyValues requested are different than current active one (requested -> active):
  graphicsApiMask: 2048 -> 67584
========================================================================
Received Import Request.
  Time since last request: 9824.121548 seconds.
  path: Assets/Settings/Lit2DSceneTemplate.scenetemplate
  importAddress: Guid(d03ed43fc9d8a4f2e9fa70c1c7916eb9) Importer(815301076,1909f56bfc062723c751e8b465ee728b)
Start importing Assets/Settings/Lit2DSceneTemplate.scenetemplate using Guid(d03ed43fc9d8a4f2e9fa70c1c7916eb9) Importer(815301076,1909f56bfc062723c751e8b465ee728b) (PreviewImporter) -> (Import Result ID: '7abd7836ee83a99b229451e4de622af6') in 0.46845625 seconds [static and dynamic dependencies]. Details - ImportResultOutputID=10a1ec3af7399b360af62a4e44a2d124 DependenciesID=dc9c491bcb4b00e32e8c5e7c1fa9ef92 StaticDependenciesID=a6989fc22a6e81d4de0582e9114562f6 
Number of updated asset objects reloaded before import = 0Number of asset objects unloaded after import = 4

========================================================================
Received Import Request.
  Time since last request: 9.634037 seconds.
  path: Assets/JMO Assets/Cartoon FX FREE (old legacy effects).unitypackage
  importAddress: Guid(b18b93d4b5d00384ba417df18aeac5a3) Importer(815301076,1909f56bfc062723c751e8b465ee728b)
Start importing Assets/JMO Assets/Cartoon FX FREE (old legacy effects).unitypackage using Guid(b18b93d4b5d00384ba417df18aeac5a3) Importer(815301076,1909f56bfc062723c751e8b465ee728b) (PreviewImporter) -> (Import Result ID: '4a27f5096e5b66f70ade0e4b695d9c8d') in 0.010439625 seconds [static and dynamic dependencies]. Details - ImportResultOutputID=9c4fcd8a99fe9b3aeac2e7e683f1baf3 DependenciesID=2348daba5d9d840a548c07dc11cbc4a5 StaticDependenciesID=c4b4032aeca7ed7e91b54b64873b4a7d 
Number of updated asset objects reloaded before import = 0Number of asset objects unloaded after import = 1

========================================================================
Received Import Request.
  Time since last request: 6.674892 seconds.
  path: Assets/JMO Assets/Cartoon FX Remaster
  importAddress: Guid(b56551e9e3ab84e4180b7b30c06ff232) Importer(815301076,1909f56bfc062723c751e8b465ee728b)
Start importing Assets/JMO Assets/Cartoon FX Remaster using Guid(b56551e9e3ab84e4180b7b30c06ff232) Importer(815301076,1909f56bfc062723c751e8b465ee728b) (PreviewImporter) -> (Import Result ID: 'e95d24b846bd468d22710ba0b1693305') in 0.004691625 seconds [static and dynamic dependencies]. Details - ImportResultOutputID=2a6f44625ec516b79d9b0b73e8187074 DependenciesID=8f4124bb009506fa2b3a011eac0bbce0 StaticDependenciesID=ea02a116dbca52dcc8a0aedadf903818 
Number of updated asset objects reloaded before import = 0Number of asset objects unloaded after import = 0

========================================================================
Received Import Request.
  Time since last request: 1.863548 seconds.
  path: Assets/JMO Assets/Cartoon FX Remaster/CFXRF Demo.unity
  importAddress: Guid(04a677eab942f3842bc623749775964d) Importer(815301076,1909f56bfc062723c751e8b465ee728b)
Start importing Assets/JMO Assets/Cartoon FX Remaster/CFXRF Demo.unity using Guid(04a677eab942f3842bc623749775964d) Importer(815301076,1909f56bfc062723c751e8b465ee728b) (PreviewImporter) -> (Import Result ID: 'd0f75f3bc2ee92472da6f7f5f90a969d') in 0.001129458 seconds [static and dynamic dependencies]. Details - ImportResultOutputID=b5379fff14a29bb1c33563e078a6a07f DependenciesID=682eba468123de4d99841904d3860b29 StaticDependenciesID=b4bb0ddaf5a1b17ed9d3f46fd447cfef 
Number of updated asset objects reloaded before import = 0Number of asset objects unloaded after import = 0

========================================================================
Received Import Request.
  Time since last request: 13.331746 seconds.
  path: Assets/JMO Assets/Cartoon FX Remaster/Demo Assets
  importAddress: Guid(c9737c8fe9e6c324aa8c8ae9355a85ec) Importer(815301076,1909f56bfc062723c751e8b465ee728b)
Start importing Assets/JMO Assets/Cartoon FX Remaster/Demo Assets using Guid(c9737c8fe9e6c324aa8c8ae9355a85ec) Importer(815301076,1909f56bfc062723c751e8b465ee728b) (PreviewImporter) -> (Import Result ID: '17da3f3ce406372d8c734985af91438e') in 0.003165625 seconds [static and dynamic dependencies]. Details - ImportResultOutputID=681b3455efb0bab3ee1849cef2277700 DependenciesID=48cbf14772925b5e93e4d898bdaa8338 StaticDependenciesID=2dfb6953b1e56ce62fb6f68043b3cee3 
Number of updated asset objects reloaded before import = 0Number of asset objects unloaded after import = 0

========================================================================
Received Import Request.
  Time since last request: 0.011917 seconds.
  path: Assets/JMO Assets/Cartoon FX Remaster/Demo Assets/CFXR Demo.asmdef
  importAddress: Guid(b16f2517c64fb4c43848850704aba72e) Importer(815301076,1909f56bfc062723c751e8b465ee728b)
Start importing Assets/JMO Assets/Cartoon FX Remaster/Demo Assets/CFXR Demo.asmdef using Guid(b16f2517c64fb4c43848850704aba72e) Importer(815301076,1909f56bfc062723c751e8b465ee728b) (PreviewImporter) -> (Import Result ID: '7a4b1a2dfda9a586f61d3bb3a103e6f8') in 0.001559333 seconds [static and dynamic dependencies]. Details - ImportResultOutputID=ac9aab1821e60aa7ddad058c77131a4b DependenciesID=6cdcab42f1cd5fd6d08e532f6b7782e2 StaticDependenciesID=7266843d5ede23bcb59e88c439a62673 
Number of updated asset objects reloaded before import = 0Number of asset objects unloaded after import = 0

========================================================================
Received Import Request.
  Time since last request: 0.000076 seconds.
  path: Assets/JMO Assets/Cartoon FX Remaster/Demo Assets/CFXR Demo Ground URP.mat
  importAddress: Guid(542e5e9d1f2d2e74eb33676a59eca6f2) Importer(815301076,1909f56bfc062723c751e8b465ee728b)
Start importing Assets/JMO Assets/Cartoon FX Remaster/Demo Assets/CFXR Demo Ground URP.mat using Guid(542e5e9d1f2d2e74eb33676a59eca6f2) Importer(815301076,1909f56bfc062723c751e8b465ee728b) (PreviewImporter)xcrun: error: unable to find utility "metal", not a developer tool or in PATH
xcrun: error: unable to find utility "metal-objdump", not a developer tool or in PATH
 -> (Import Result ID: '0000365cff3da783b7c8ce374b30a4a4') in 3.377859166 seconds [static and dynamic dependencies]. Details - ImportResultOutputID=1c0d9e47a1eefacf30854e08bbd340d0 DependenciesID=bf728a91ad00b993b1c17d5f55cd13dd StaticDependenciesID=b8164679e1d1ecc1d1a33966ead3b880 
Number of updated asset objects reloaded before import = 0Number of asset objects unloaded after import = 2

========================================================================
Received Import Request.
  Time since last request: 3.055303 seconds.
  path: Assets/JMO Assets/Cartoon FX Remaster/Demo Assets/Kino Bloom
  importAddress: Guid(ecdb90abc15fe42bca3b67047f7fd9df) Importer(815301076,1909f56bfc062723c751e8b465ee728b)
Start importing Assets/JMO Assets/Cartoon FX Remaster/Demo Assets/Kino Bloom using Guid(ecdb90abc15fe42bca3b67047f7fd9df) Importer(815301076,1909f56bfc062723c751e8b465ee728b) (PreviewImporter) -> (Import Result ID: '69e10a4a05ac3571600ce02bdc01240f') in 0.002394 seconds [static and dynamic dependencies]. Details - ImportResultOutputID=84d375f6f237a142ad41fdebeb59c30b DependenciesID=c5acdfce755322240e0b049b7c7432f5 StaticDependenciesID=afcd5c833fe8f1fc05412c5a451caf3e 
Number of updated asset objects reloaded before import = 0Number of asset objects unloaded after import = 0

========================================================================
Received Import Request.
  Time since last request: 1.193349 seconds.
  path: Assets/JMO Assets/Cartoon FX Remaster/Demo Assets/UI
  importAddress: Guid(3de6a36d99e99fe459f61a0d9cf3a7c1) Importer(815301076,1909f56bfc062723c751e8b465ee728b)
Start importing Assets/JMO Assets/Cartoon FX Remaster/Demo Assets/UI using Guid(3de6a36d99e99fe459f61a0d9cf3a7c1) Importer(815301076,1909f56bfc062723c751e8b465ee728b) (PreviewImporter) -> (Import Result ID: '226a02fa4f712b134e1d1a8f6b78c0c3') in 0.002166583 seconds [static and dynamic dependencies]. Details - ImportResultOutputID=318daca2defe9ea4174cf622ac3f52de DependenciesID=149173cde0d241806e367fb43b9bafad StaticDependenciesID=59e19610025c535ed026dcc882ddea44 
Number of updated asset objects reloaded before import = 0Number of asset objects unloaded after import = 0

========================================================================
Received Import Request.
  Time since last request: 0.430532 seconds.
  path: Assets/JMO Assets/Cartoon FX Remaster/Demo Assets/UI/CFXR Demo Btn Arrow.png
  importAddress: Guid(b0394665e16ef504bb922274dd606020) Importer(815301076,1909f56bfc062723c751e8b465ee728b)
Start importing Assets/JMO Assets/Cartoon FX Remaster/Demo Assets/UI/CFXR Demo Btn Arrow.png using Guid(b0394665e16ef504bb922274dd606020) Importer(815301076,1909f56bfc062723c751e8b465ee728b) (PreviewImporter) -> (Import Result ID: '1b91ce6c120fa4319c3f59a141f0b9d6') in 0.18090175 seconds [static and dynamic dependencies]. Details - ImportResultOutputID=98e59ab699b498994832e392c9d64857 DependenciesID=db3d8a91db9be888a1a2fc72d04fd6bc StaticDependenciesID=dfcebbe851f26136cf66ef16f79ec82b 
Number of updated asset objects reloaded before import = 0Number of asset objects unloaded after import = 3

========================================================================
Received Import Request.
  Time since last request: 0.000129 seconds.
  path: Assets/JMO Assets/Cartoon FX Remaster/Demo Assets/UI/CFXR Demo Btn Camera H.png
  importAddress: Guid(0bb8c249681ba00429319d91208c6fec) Importer(815301076,1909f56bfc062723c751e8b465ee728b)
Start importing Assets/JMO Assets/Cartoon FX Remaster/Demo Assets/UI/CFXR Demo Btn Camera H.png using Guid(0bb8c249681ba00429319d91208c6fec) Importer(815301076,1909f56bfc062723c751e8b465ee728b) (PreviewImporter) -> (Import Result ID: '5a871de4b9a7447fae34f4f0555b2c1a') in 0.023314292 seconds [static and dynamic dependencies]. Details - ImportResultOutputID=6bafe82633449de5f19e70043a17d98d DependenciesID=7aa824d609b9f29ae3456a66bdf3cc62 StaticDependenciesID=791dca8c26f2db00ecbdd847aef01281 
Number of updated asset objects reloaded before import = 0Number of asset objects unloaded after import = 3

========================================================================
Received Import Request.
  Time since last request: 0.000055 seconds.
  path: Assets/JMO Assets/Cartoon FX Remaster/Demo Assets/UI/CFXR Demo Btn CameraShake H.png
  importAddress: Guid(3c125755d5769934fae41fa260070229) Importer(815301076,1909f56bfc062723c751e8b465ee728b)
Start importing Assets/JMO Assets/Cartoon FX Remaster/Demo Assets/UI/CFXR Demo Btn CameraShake H.png using Guid(3c125755d5769934fae41fa260070229) Importer(815301076,1909f56bfc062723c751e8b465ee728b) (PreviewImporter) -> (Import Result ID: '783c087d1c14a79391762f4b74760b8c') in 0.023580084 seconds [static and dynamic dependencies]. Details - ImportResultOutputID=cbb2adc6e86c8703a50455b9c209a29f DependenciesID=16f7cd478b74a754ff4ca25cc722ab5b StaticDependenciesID=315547b9dc1d5815de01b8a96056d2ef 
Number of updated asset objects reloaded before import = 0Number of asset objects unloaded after import = 3

========================================================================
Received Import Request.
  Time since last request: 0.000124 seconds.
  path: Assets/JMO Assets/Cartoon FX Remaster/Demo Assets/UI/CFXR Demo Btn Camera.png
  importAddress: Guid(41bf8b79c5dc7d64aafcc3c68e923096) Importer(815301076,1909f56bfc062723c751e8b465ee728b)
Start importing Assets/JMO Assets/Cartoon FX Remaster/Demo Assets/UI/CFXR Demo Btn Camera.png using Guid(41bf8b79c5dc7d64aafcc3c68e923096) Importer(815301076,1909f56bfc062723c751e8b465ee728b) (PreviewImporter) -> (Import Result ID: 'b1b9a133b3ccdca904f65af4c674f5ae') in 0.019973625 seconds [static and dynamic dependencies]. Details - ImportResultOutputID=2174157aa111c45dfb92353ef69fa04f DependenciesID=dc75d446663d151eed9743c5ac4779fb StaticDependenciesID=cfd67c26b542170dbf584489b1301c21 
Number of updated asset objects reloaded before import = 0Number of asset objects unloaded after import = 3

========================================================================
Received Import Request.
  Time since last request: 0.000084 seconds.
  path: Assets/JMO Assets/Cartoon FX Remaster/Demo Assets/UI/CFXR Demo Btn SlowMo H.png
  importAddress: Guid(e77c7f9a6ebccc14e9ac9be7a2a2d5af) Importer(815301076,1909f56bfc062723c751e8b465ee728b)
Start importing Assets/JMO Assets/Cartoon FX Remaster/Demo Assets/UI/CFXR Demo Btn SlowMo H.png using Guid(e77c7f9a6ebccc14e9ac9be7a2a2d5af) Importer(815301076,1909f56bfc062723c751e8b465ee728b) (PreviewImporter) -> (Import Result ID: '9940791498757c9a3c4ced3c7f3b04b7') in 0.018857875 seconds [static and dynamic dependencies]. Details - ImportResultOutputID=b6fef8c9eb22fe2a1ff74e11dc7ac9ef DependenciesID=7a73d806becd0c3e57cc896f4828c2d9 StaticDependenciesID=a913b1cd43dadcfc111cdf9777fe43d8 
Number of updated asset objects reloaded before import = 0Number of asset objects unloaded after import = 3

========================================================================
Received Import Request.
  Time since last request: 0.000092 seconds.
  path: Assets/JMO Assets/Cartoon FX Remaster/Demo Assets/UI/CFXR Demo Btn Bloom H.png
  importAddress: Guid(32700198561e47044863cf80370fe63a) Importer(815301076,1909f56bfc062723c751e8b465ee728b)
Start importing Assets/JMO Assets/Cartoon FX Remaster/Demo Assets/UI/CFXR Demo Btn Bloom H.png using Guid(32700198561e47044863cf80370fe63a) Importer(815301076,1909f56bfc062723c751e8b465ee728b) (PreviewImporter) -> (Import Result ID: 'd321e386ec9eb8e28c7d4f9d5b3f535a') in 0.019256167 seconds [static and dynamic dependencies]. Details - ImportResultOutputID=b1c4b5fa4d55c6caec8d30d776313e27 DependenciesID=47f7fe85f3e28db41406fb79414f2680 StaticDependenciesID=c04b5df5b122d115d86c8ff9ed1f5440 
Number of updated asset objects reloaded before import = 0Number of asset objects unloaded after import = 3

========================================================================
Received Import Request.
  Time since last request: 0.000134 seconds.
  path: Assets/JMO Assets/Cartoon FX Remaster/Demo Assets/UI/CFXRF Demo Logo.png
  importAddress: Guid(a665b2e53088caa4c89dd09f9c889f62) Importer(815301076,1909f56bfc062723c751e8b465ee728b)
Start importing Assets/JMO Assets/Cartoon FX Remaster/Demo Assets/UI/CFXRF Demo Logo.png using Guid(a665b2e53088caa4c89dd09f9c889f62) Importer(815301076,1909f56bfc062723c751e8b465ee728b) (PreviewImporter) -> (Import Result ID: 'fb7ff63d7a71badfc02707756d11193e') in 0.019230875 seconds [static and dynamic dependencies]. Details - ImportResultOutputID=697a6dcebe438c8d9e4d85eb7eb57f61 DependenciesID=2bc9bb0aedc15af83a258403ff352896 StaticDependenciesID=5ba601b4304b194f6f7cbcfadac24db4 
Number of updated asset objects reloaded before import = 0Number of asset objects unloaded after import = 3

========================================================================
Received Import Request.
  Time since last request: 0.000195 seconds.
  path: Assets/JMO Assets/Cartoon FX Remaster/Demo Assets/UI/CFXR Demo Btn Bloom.png
  importAddress: Guid(07caf3d1930bab14aa8f6dcdf2db871a) Importer(815301076,1909f56bfc062723c751e8b465ee728b)
Start importing Assets/JMO Assets/Cartoon FX Remaster/Demo Assets/UI/CFXR Demo Btn Bloom.png using Guid(07caf3d1930bab14aa8f6dcdf2db871a) Importer(815301076,1909f56bfc062723c751e8b465ee728b) (PreviewImporter) -> (Import Result ID: 'eef24ffc613cda9a73a1777b8b9413eb') in 0.016263334 seconds [static and dynamic dependencies]. Details - ImportResultOutputID=0aeef7f6d648e7c723d10cea45536cbc DependenciesID=df6353fb97b29091269eb05c57824c10 StaticDependenciesID=c31f839c0f8e8f67448d75398ad0d57c 
Number of updated asset objects reloaded before import = 0Number of asset objects unloaded after import = 3

========================================================================
Received Import Request.
  Time since last request: 3.717585 seconds.
  path: Assets/JMO Assets/Cartoon FX Remaster/Demo Assets/Kino Bloom/KinoBloom.Runtime.asmdef
  importAddress: Guid(fb9ff7b799c73af479a69874581439d3) Importer(815301076,1909f56bfc062723c751e8b465ee728b)
Start importing Assets/JMO Assets/Cartoon FX Remaster/Demo Assets/Kino Bloom/KinoBloom.Runtime.asmdef using Guid(fb9ff7b799c73af479a69874581439d3) Importer(815301076,1909f56bfc062723c751e8b465ee728b) (PreviewImporter) -> (Import Result ID: 'c1fe6e6843e3fb2dd4097965fc859564') in 0.006084542 seconds [static and dynamic dependencies]. Details - ImportResultOutputID=e11b61dd0eaf98684aeb5c2c0f7de82a DependenciesID=90d21cf7dd66488b5f92f53470afc22d StaticDependenciesID=c9e626084af5b12aed26cc55d9bf8c7a 
Number of updated asset objects reloaded before import = 0Number of asset objects unloaded after import = 0

========================================================================
Received Import Request.
  Time since last request: 3.846112 seconds.
  path: Assets/JMO Assets/Cartoon FX Remaster/CFXR Prefabs/Explosions
  importAddress: Guid(a9a6a5d83e63df44d8746e20ca938c0d) Importer(815301076,1909f56bfc062723c751e8b465ee728b)
Start importing Assets/JMO Assets/Cartoon FX Remaster/CFXR Prefabs/Explosions using Guid(a9a6a5d83e63df44d8746e20ca938c0d) Importer(815301076,1909f56bfc062723c751e8b465ee728b) (PreviewImporter) -> (Import Result ID: 'e4aee53c636b2d3d9e0f9fddc2e363fb') in 0.001199875 seconds [static and dynamic dependencies]. Details - ImportResultOutputID=1fd01566426c4b330616a051f4b084ad DependenciesID=b04c0dc2b338d082dde7832e9e3f6e13 StaticDependenciesID=e98cc271e7c8b43fc98a8332611d83a3 
Number of updated asset objects reloaded before import = 0Number of asset objects unloaded after import = 0

========================================================================
Received Import Request.
  Time since last request: 1.160240 seconds.
  path: Assets/JMO Assets/Cartoon FX Remaster/CFXR Prefabs/Explosions/CFXR Explosion 1.prefab
  importAddress: Guid(3ef3ae421f71c5c4e97fe12dc2fc6312) Importer(815301076,1909f56bfc062723c751e8b465ee728b)
Start importing Assets/JMO Assets/Cartoon FX Remaster/CFXR Prefabs/Explosions/CFXR Explosion 1.prefab using Guid(3ef3ae421f71c5c4e97fe12dc2fc6312) Importer(815301076,1909f56bfc062723c751e8b465ee728b) (PreviewImporter) -> (Import Result ID: '1dc0b9a07683eda811f2c1ee49521f51') in 1.246407541 seconds [static and dynamic dependencies]. Details - ImportResultOutputID=942a22de02ec0eea89fba71203217e8e DependenciesID=aebf5e20e03280f274712a42612806ce StaticDependenciesID=234af74095794342709dea59b879994b 
Number of updated asset objects reloaded before import = 0Number of asset objects unloaded after import = 43

========================================================================
Received Import Request.
  Time since last request: 0.000173 seconds.
  path: Assets/JMO Assets/Cartoon FX Remaster/CFXR Prefabs/Explosions/CFXR3 Fire Explosion B.prefab
  importAddress: Guid(99bc28c0d45f51c4fbac01080b73edc7) Importer(815301076,1909f56bfc062723c751e8b465ee728b)
Start importing Assets/JMO Assets/Cartoon FX Remaster/CFXR Prefabs/Explosions/CFXR3 Fire Explosion B.prefab using Guid(99bc28c0d45f51c4fbac01080b73edc7) Importer(815301076,1909f56bfc062723c751e8b465ee728b) (PreviewImporter) -> (Import Result ID: '3010d2d913809d1e7e8676282f282400') in 0.117110583 seconds [static and dynamic dependencies]. Details - ImportResultOutputID=8cf45c9a476080e9228ca8570579151e DependenciesID=b2e7a758ed0bc254d48b4a7d93fdb8bc StaticDependenciesID=265445fa03b5b1a952660d3ddf6bf216 
Number of updated asset objects reloaded before import = 0Number of asset objects unloaded after import = 37

========================================================================
Received Import Request.
  Time since last request: 0.000101 seconds.
  path: Assets/JMO Assets/Cartoon FX Remaster/CFXR Prefabs/Explosions/CFXR4 Firework 1 Cyan-Purple (HDR).prefab
  importAddress: Guid(ae07f2a45f14a82428409cfe410e6002) Importer(815301076,1909f56bfc062723c751e8b465ee728b)
Start importing Assets/JMO Assets/Cartoon FX Remaster/CFXR Prefabs/Explosions/CFXR4 Firework 1 Cyan-Purple (HDR).prefab using Guid(ae07f2a45f14a82428409cfe410e6002) Importer(815301076,1909f56bfc062723c751e8b465ee728b) (PreviewImporter) -> (Import Result ID: '516e985609d411347e2f9e9232df0018') in 0.111246666 seconds [static and dynamic dependencies]. Details - ImportResultOutputID=36588a91d31fadb1a8a46251ac73f0c4 DependenciesID=c460629806ba7b434882c12d32bd11fc StaticDependenciesID=8f13bd8d0a61803e687b70e43b26a983 
Number of updated asset objects reloaded before import = 0Number of asset objects unloaded after import = 15

========================================================================
Received Import Request.
  Time since last request: 55.990057 seconds.
  path: Assets/Scenes/game.unity
  importAddress: Guid(e4aadcd0be7cf4cc98df6cbd84d80c99) Importer(815301076,1909f56bfc062723c751e8b465ee728b)
Start importing Assets/Scenes/game.unity using Guid(e4aadcd0be7cf4cc98df6cbd84d80c99) Importer(815301076,1909f56bfc062723c751e8b465ee728b) (PreviewImporter) -> (Import Result ID: '83a2f3155a27ab0323bfc97f210a4141') in 0.003881459 seconds [static and dynamic dependencies]. Details - ImportResultOutputID=c1b1d89b569a9ca6d179ff4f704761ae DependenciesID=cf1f9d58d165c0748b38e451c438036b StaticDependenciesID=a35f05a3f7d2f6d56d4e158f5a2fdd57 
Number of updated asset objects reloaded before import = 0Number of asset objects unloaded after import = 0

========================================================================
Received Prepare
Begin MonoManager ReloadAssembly
[Licensing::Client] Successfully resolved entitlement details
Assembly Assembly-CSharp-Editor-firstpass.dll at Library/ScriptAssemblies/Assembly-CSharp-Editor-firstpass.dll not valid. Loading of assembly skipped.
Assembly Assembly-CSharp-firstpass.dll at Library/ScriptAssemblies/Assembly-CSharp-firstpass.dll not valid. Loading of assembly skipped.
Assembly DocCodeExamples.dll at Library/ScriptAssemblies/DocCodeExamples.dll not valid. Loading of assembly skipped.
Assembly TestNewCustomAssembly.dll at Library/ScriptAssemblies/TestNewCustomAssembly.dll not valid. Loading of assembly skipped.
Assembly Unity.2D.Animation.EditorTests.dll at Library/ScriptAssemblies/Unity.2D.Animation.EditorTests.dll not valid. Loading of assembly skipped.
Assembly Unity.2D.Aseprite.EditorTests.dll at Library/ScriptAssemblies/Unity.2D.Aseprite.EditorTests.dll not valid. Loading of assembly skipped.
Assembly Unity.2D.Common.EditorTests.dll at Library/ScriptAssemblies/Unity.2D.Common.EditorTests.dll not valid. Loading of assembly skipped.
Assembly Unity.2D.Psdimporter.EditorTests.dll at Library/ScriptAssemblies/Unity.2D.Psdimporter.EditorTests.dll not valid. Loading of assembly skipped.
Assembly Unity.2D.Sprite.Package.EditorTests.dll at Library/ScriptAssemblies/Unity.2D.Sprite.Package.EditorTests.dll not valid. Loading of assembly skipped.
Assembly Unity.2D.SpriteShape.EditorTests.dll at Library/ScriptAssemblies/Unity.2D.SpriteShape.EditorTests.dll not valid. Loading of assembly skipped.
Assembly Unity.2D.Tilemap.Package.EditorTests.dll at Library/ScriptAssemblies/Unity.2D.Tilemap.Package.EditorTests.dll not valid. Loading of assembly skipped.
Assembly Unity.Collections.BurstCompatibilityGen.dll at Library/ScriptAssemblies/Unity.Collections.BurstCompatibilityGen.dll not valid. Loading of assembly skipped.
Assembly Unity.Collections.DocCodeSamples.dll at Library/ScriptAssemblies/Unity.Collections.DocCodeSamples.dll not valid. Loading of assembly skipped.
Assembly Unity.Collections.PerformanceTests.dll at Library/ScriptAssemblies/Unity.Collections.PerformanceTests.dll not valid. Loading of assembly skipped.
Assembly Unity.Collections.Tests.dll at Library/ScriptAssemblies/Unity.Collections.Tests.dll not valid. Loading of assembly skipped.
Assembly Unity.Collections.Tests.Playmode.dll at Library/ScriptAssemblies/Unity.Collections.Tests.Playmode.dll not valid. Loading of assembly skipped.
Assembly Unity.InputSystem.IntegrationTests.dll at Library/ScriptAssemblies/Unity.InputSystem.IntegrationTests.dll not valid. Loading of assembly skipped.
Assembly Unity.Mathematics.Tests.dll at Library/ScriptAssemblies/Unity.Mathematics.Tests.dll not valid. Loading of assembly skipped.
Assembly Unity.Multiplayer.Center.Editor.Tests.dll at Library/ScriptAssemblies/Unity.Multiplayer.Center.Editor.Tests.dll not valid. Loading of assembly skipped.
Assembly Unity.Multiplayer.Center.Tests.dll at Library/ScriptAssemblies/Unity.Multiplayer.Center.Tests.dll not valid. Loading of assembly skipped.
Assembly Unity.Nuget.Mono-Cecil.dll at Library/ScriptAssemblies/Unity.Nuget.Mono-Cecil.dll not valid. Loading of assembly skipped.
Assembly Unity.PathTracing.Editor.Tests.dll at Library/ScriptAssemblies/Unity.PathTracing.Editor.Tests.dll not valid. Loading of assembly skipped.
Assembly Unity.PathTracing.Runtime.Tests.dll at Library/ScriptAssemblies/Unity.PathTracing.Runtime.Tests.dll not valid. Loading of assembly skipped.
Assembly Unity.RenderPipelines.Core.Editor.Tests.dll at Library/ScriptAssemblies/Unity.RenderPipelines.Core.Editor.Tests.dll not valid. Loading of assembly skipped.
Assembly Unity.RenderPipelines.Core.Runtime.Tests.dll at Library/ScriptAssemblies/Unity.RenderPipelines.Core.Runtime.Tests.dll not valid. Loading of assembly skipped.
Assembly Unity.RenderPipelines.Universal.Config.Editor.Tests.dll at Library/ScriptAssemblies/Unity.RenderPipelines.Universal.Config.Editor.Tests.dll not valid. Loading of assembly skipped.
Assembly Unity.RenderPipelines.Universal.Editor.Tests.dll at Library/ScriptAssemblies/Unity.RenderPipelines.Universal.Editor.Tests.dll not valid. Loading of assembly skipped.
Assembly Unity.RenderPipelines.Universal.Runtime.Tests.dll at Library/ScriptAssemblies/Unity.RenderPipelines.Universal.Runtime.Tests.dll not valid. Loading of assembly skipped.
Assembly Unity.Searcher.EditorTests.dll at Library/ScriptAssemblies/Unity.Searcher.EditorTests.dll not valid. Loading of assembly skipped.
Assembly Unity.ShaderGraph.Editor.Tests.dll at Library/ScriptAssemblies/Unity.ShaderGraph.Editor.Tests.dll not valid. Loading of assembly skipped.
Assembly Unity.TextMeshPro.Editor.Tests.dll at Library/ScriptAssemblies/Unity.TextMeshPro.Editor.Tests.dll not valid. Loading of assembly skipped.
Assembly Unity.TextMeshPro.Tests.dll at Library/ScriptAssemblies/Unity.TextMeshPro.Tests.dll not valid. Loading of assembly skipped.
Assembly Unity.UnifiedRayTracing.Editor.Tests.dll at Library/ScriptAssemblies/Unity.UnifiedRayTracing.Editor.Tests.dll not valid. Loading of assembly skipped.
Assembly UnityEditor.UI.Common.Tests.dll at Library/ScriptAssemblies/UnityEditor.UI.Common.Tests.dll not valid. Loading of assembly skipped.
Assembly UnityEditor.UI.EditorTests.dll at Library/ScriptAssemblies/UnityEditor.UI.EditorTests.dll not valid. Loading of assembly skipped.
Assembly UnityEngine.UI.Tests.dll at Library/ScriptAssemblies/UnityEngine.UI.Tests.dll not valid. Loading of assembly skipped.
Native extension for OSXStandalone target not found
Native extension for WebGL target not found
[Package Manager] Failed to launch server process. Reason: Unity was launched with the -noUpm command-line argument
[Package Manager] Unable to send message (not connected to server process).
[Package Manager] Cannot connect to Unity Package Manager local server
Refreshing native plugins compatible for Editor in 4.55 ms, found 3 plugins.
[Package Manager] Failed to launch server process. Reason: Unity was launched with the -noUpm command-line argument
[Package Manager] Unable to send message (not connected to server process).
[Package Manager] Cannot connect to Unity Package Manager local server
ScheduleIndexationOnStartup MainProcess:False IndexOnStartup:True
Mono: successfully reloaded assembly
- Finished resetting the current domain, in  4.252 seconds
Domain Reload Profiling: 8391ms
	BeginReloadAssembly (1754ms)
		DisableScriptedObjects (220ms)
		CreateAndSetChildDomain (258ms)
	RebuildCommonClasses (88ms)
	RebuildNativeTypeToScriptingClass (21ms)
	initialDomainReloadingComplete (194ms)
	LoadAllAssembliesAndSetupDomain (2081ms)
		LoadAssemblies (2544ms)
		AnalyzeDomain (608ms)
			TypeCache.Refresh (34ms)
			BuildScriptInfoCaches (511ms)
			ResolveRequiredComponents (56ms)
	FinalizeReload (4254ms)
		SetupLoadedEditorAssemblies (0ms)
			InitializePlatformSupportModulesInManaged (17ms)
			BeforeProcessingInitializeOnLoad (1067ms)
			ProcessInitializeOnLoadAttributes (1942ms)
			ProcessInitializeOnLoadMethodAttributes (479ms)
		AwakeInstancesAfterBackupRestoration (137ms)
WARNING: Shader Unsupported: 'Universal Render Pipeline/VR/SpatialMapping/Wireframe' - All subshaders removed
WARNING: Shader Did you use #pragma only_renderers and omit this platform?
WARNING: Shader If subshaders removal was intentional, you may have forgotten turning Fallback off?
Shader Hidden/ChartRasterizerHardware is not supported: GPU does not support conservative rasterization
Unloading 27 Unused Serialized files (Serialized files now loaded: 0)
Unloading 7301 unused Assets / (6.3 MB). Loaded Objects now: 8300.
Memory consumption went from 191.2 MB to 184.9 MB.
Total: 26.938209 ms (FindLiveObjects: 5.485583 ms CreateObjectMapping: 0.974750 ms MarkObjects: 9.242791 ms  DeleteObjects: 11.234208 ms)

Prepare: number of updated asset objects reloaded= 0
EnvironmentDependencyValues requested are different than current active one (requested -> active):
  graphicsApiMask: 2048 -> 67584
========================================================================
Received Prepare
Begin MonoManager ReloadAssembly
Assembly Assembly-CSharp-Editor-firstpass.dll at Library/ScriptAssemblies/Assembly-CSharp-Editor-firstpass.dll not valid. Loading of assembly skipped.
Assembly Assembly-CSharp-firstpass.dll at Library/ScriptAssemblies/Assembly-CSharp-firstpass.dll not valid. Loading of assembly skipped.
Assembly DocCodeExamples.dll at Library/ScriptAssemblies/DocCodeExamples.dll not valid. Loading of assembly skipped.
Assembly TestNewCustomAssembly.dll at Library/ScriptAssemblies/TestNewCustomAssembly.dll not valid. Loading of assembly skipped.
Assembly Unity.2D.Animation.EditorTests.dll at Library/ScriptAssemblies/Unity.2D.Animation.EditorTests.dll not valid. Loading of assembly skipped.
Assembly Unity.2D.Aseprite.EditorTests.dll at Library/ScriptAssemblies/Unity.2D.Aseprite.EditorTests.dll not valid. Loading of assembly skipped.
Assembly Unity.2D.Common.EditorTests.dll at Library/ScriptAssemblies/Unity.2D.Common.EditorTests.dll not valid. Loading of assembly skipped.
Assembly Unity.2D.Psdimporter.EditorTests.dll at Library/ScriptAssemblies/Unity.2D.Psdimporter.EditorTests.dll not valid. Loading of assembly skipped.
Assembly Unity.2D.Sprite.Package.EditorTests.dll at Library/ScriptAssemblies/Unity.2D.Sprite.Package.EditorTests.dll not valid. Loading of assembly skipped.
Assembly Unity.2D.SpriteShape.EditorTests.dll at Library/ScriptAssemblies/Unity.2D.SpriteShape.EditorTests.dll not valid. Loading of assembly skipped.
Assembly Unity.2D.Tilemap.Package.EditorTests.dll at Library/ScriptAssemblies/Unity.2D.Tilemap.Package.EditorTests.dll not valid. Loading of assembly skipped.
Assembly Unity.Collections.BurstCompatibilityGen.dll at Library/ScriptAssemblies/Unity.Collections.BurstCompatibilityGen.dll not valid. Loading of assembly skipped.
Assembly Unity.Collections.DocCodeSamples.dll at Library/ScriptAssemblies/Unity.Collections.DocCodeSamples.dll not valid. Loading of assembly skipped.
Assembly Unity.Collections.PerformanceTests.dll at Library/ScriptAssemblies/Unity.Collections.PerformanceTests.dll not valid. Loading of assembly skipped.
Assembly Unity.Collections.Tests.dll at Library/ScriptAssemblies/Unity.Collections.Tests.dll not valid. Loading of assembly skipped.
Assembly Unity.Collections.Tests.Playmode.dll at Library/ScriptAssemblies/Unity.Collections.Tests.Playmode.dll not valid. Loading of assembly skipped.
Assembly Unity.InputSystem.IntegrationTests.dll at Library/ScriptAssemblies/Unity.InputSystem.IntegrationTests.dll not valid. Loading of assembly skipped.
Assembly Unity.Mathematics.Tests.dll at Library/ScriptAssemblies/Unity.Mathematics.Tests.dll not valid. Loading of assembly skipped.
Assembly Unity.Multiplayer.Center.Editor.Tests.dll at Library/ScriptAssemblies/Unity.Multiplayer.Center.Editor.Tests.dll not valid. Loading of assembly skipped.
Assembly Unity.Multiplayer.Center.Tests.dll at Library/ScriptAssemblies/Unity.Multiplayer.Center.Tests.dll not valid. Loading of assembly skipped.
Assembly Unity.Nuget.Mono-Cecil.dll at Library/ScriptAssemblies/Unity.Nuget.Mono-Cecil.dll not valid. Loading of assembly skipped.
Assembly Unity.PathTracing.Editor.Tests.dll at Library/ScriptAssemblies/Unity.PathTracing.Editor.Tests.dll not valid. Loading of assembly skipped.
Assembly Unity.PathTracing.Runtime.Tests.dll at Library/ScriptAssemblies/Unity.PathTracing.Runtime.Tests.dll not valid. Loading of assembly skipped.
Assembly Unity.RenderPipelines.Core.Editor.Tests.dll at Library/ScriptAssemblies/Unity.RenderPipelines.Core.Editor.Tests.dll not valid. Loading of assembly skipped.
Assembly Unity.RenderPipelines.Core.Runtime.Tests.dll at Library/ScriptAssemblies/Unity.RenderPipelines.Core.Runtime.Tests.dll not valid. Loading of assembly skipped.
Assembly Unity.RenderPipelines.Universal.Config.Editor.Tests.dll at Library/ScriptAssemblies/Unity.RenderPipelines.Universal.Config.Editor.Tests.dll not valid. Loading of assembly skipped.
Assembly Unity.RenderPipelines.Universal.Editor.Tests.dll at Library/ScriptAssemblies/Unity.RenderPipelines.Universal.Editor.Tests.dll not valid. Loading of assembly skipped.
Assembly Unity.RenderPipelines.Universal.Runtime.Tests.dll at Library/ScriptAssemblies/Unity.RenderPipelines.Universal.Runtime.Tests.dll not valid. Loading of assembly skipped.
Assembly Unity.Searcher.EditorTests.dll at Library/ScriptAssemblies/Unity.Searcher.EditorTests.dll not valid. Loading of assembly skipped.
Assembly Unity.ShaderGraph.Editor.Tests.dll at Library/ScriptAssemblies/Unity.ShaderGraph.Editor.Tests.dll not valid. Loading of assembly skipped.
Assembly Unity.TextMeshPro.Editor.Tests.dll at Library/ScriptAssemblies/Unity.TextMeshPro.Editor.Tests.dll not valid. Loading of assembly skipped.
Assembly Unity.TextMeshPro.Tests.dll at Library/ScriptAssemblies/Unity.TextMeshPro.Tests.dll not valid. Loading of assembly skipped.
Assembly Unity.UnifiedRayTracing.Editor.Tests.dll at Library/ScriptAssemblies/Unity.UnifiedRayTracing.Editor.Tests.dll not valid. Loading of assembly skipped.
Assembly UnityEditor.UI.Common.Tests.dll at Library/ScriptAssemblies/UnityEditor.UI.Common.Tests.dll not valid. Loading of assembly skipped.
Assembly UnityEditor.UI.EditorTests.dll at Library/ScriptAssemblies/UnityEditor.UI.EditorTests.dll not valid. Loading of assembly skipped.
Assembly UnityEngine.UI.Tests.dll at Library/ScriptAssemblies/UnityEngine.UI.Tests.dll not valid. Loading of assembly skipped.
Native extension for OSXStandalone target not found
Native extension for WebGL target not found
[Package Manager] Failed to launch server process. Reason: Unity was launched with the -noUpm command-line argument
[Package Manager] Unable to send message (not connected to server process).
[Package Manager] Cannot connect to Unity Package Manager local server
[Package Manager] Failed to launch server process. Reason: Unity was launched with the -noUpm command-line argument
[Package Manager] Unable to send message (not connected to server process).
[Package Manager] Cannot connect to Unity Package Manager local server
ScheduleIndexationOnStartup MainProcess:False IndexOnStartup:True
Mono: successfully reloaded assembly
- Finished resetting the current domain, in  3.965 seconds
Domain Reload Profiling: 6688ms
	BeginReloadAssembly (860ms)
		DisableScriptedObjects (154ms)
		CreateAndSetChildDomain (173ms)
	RebuildCommonClasses (78ms)
	RebuildNativeTypeToScriptingClass (19ms)
	initialDomainReloadingComplete (194ms)
	LoadAllAssembliesAndSetupDomain (1569ms)
		LoadAssemblies (1475ms)
		AnalyzeDomain (458ms)
			TypeCache.Refresh (30ms)
			BuildScriptInfoCaches (368ms)
			ResolveRequiredComponents (52ms)
	FinalizeReload (3967ms)
		SetupLoadedEditorAssemblies (0ms)
			InitializePlatformSupportModulesInManaged (10ms)
			BeforeProcessingInitializeOnLoad (822ms)
			ProcessInitializeOnLoadAttributes (1898ms)
			ProcessInitializeOnLoadMethodAttributes (411ms)
		AwakeInstancesAfterBackupRestoration (128ms)
WARNING: Shader Unsupported: 'Universal Render Pipeline/VR/SpatialMapping/Wireframe' - All subshaders removed
WARNING: Shader Did you use #pragma only_renderers and omit this platform?
WARNING: Shader If subshaders removal was intentional, you may have forgotten turning Fallback off?
Shader Hidden/ChartRasterizerHardware is not supported: GPU does not support conservative rasterization
Unloading 27 Unused Serialized files (Serialized files now loaded: 0)
Unloading 7300 unused Assets / (6.7 MB). Loaded Objects now: 8306.
Memory consumption went from 191.9 MB to 185.2 MB.
Total: 25.338625 ms (FindLiveObjects: 6.216042 ms CreateObjectMapping: 1.004416 ms MarkObjects: 7.362042 ms  DeleteObjects: 10.755000 ms)

Prepare: number of updated asset objects reloaded= 0
EnvironmentDependencyValues requested are different than current active one (requested -> active):
  graphicsApiMask: 2048 -> 67584
========================================================================
Received Import Request.
  Time since last request: 365.771712 seconds.
  path: Assets/Scenes/game.unity
  importAddress: Guid(e4aadcd0be7cf4cc98df6cbd84d80c99) Importer(815301076,1909f56bfc062723c751e8b465ee728b)
Start importing Assets/Scenes/game.unity using Guid(e4aadcd0be7cf4cc98df6cbd84d80c99) Importer(815301076,1909f56bfc062723c751e8b465ee728b) (PreviewImporter) -> (Import Result ID: 'a6eaaf8f3f90388665c0f4aa60990703') in 0.056936625 seconds [static and dynamic dependencies]. Details - ImportResultOutputID=c1b1d89b569a9ca6d179ff4f704761ae DependenciesID=fedeb057196fdd54f69160244575ea36 StaticDependenciesID=e136a0a443c8f82d7e3aac1f069c04e8 
Number of updated asset objects reloaded before import = 0Number of asset objects unloaded after import = 0

========================================================================
Received Import Request.
  Time since last request: 18.008475 seconds.
  path: Assets/Scripts/Audio
  importAddress: Guid(fe93bdc0717174f189ee211bc769a201) Importer(815301076,1909f56bfc062723c751e8b465ee728b)
Start importing Assets/Scripts/Audio using Guid(fe93bdc0717174f189ee211bc769a201) Importer(815301076,1909f56bfc062723c751e8b465ee728b) (PreviewImporter) -> (Import Result ID: '3951f54301b37cb4a4da97998a00ebef') in 0.015953584 seconds [static and dynamic dependencies]. Details - ImportResultOutputID=3d75a653a6013a04d2e63d59d964be2a DependenciesID=c042fbdd9752ded11c66314a9aba4e26 StaticDependenciesID=12b6fe357c9c4633610fa33ee4d8676b 
Number of updated asset objects reloaded before import = 0Number of asset objects unloaded after import = 0

========================================================================
Received Import Request.
  Time since last request: 0.574704 seconds.
  path: Assets/Scripts/Audio/AudioContent.cs
  importAddress: Guid(84b762d1346c9462c83a14a265c9773b) Importer(815301076,1909f56bfc062723c751e8b465ee728b)
Start importing Assets/Scripts/Audio/AudioContent.cs using Guid(84b762d1346c9462c83a14a265c9773b) Importer(815301076,1909f56bfc062723c751e8b465ee728b) (PreviewImporter) -> (Import Result ID: 'aed93c18b6f0f27e77540271c9a0e314') in 0.002046583 seconds [static and dynamic dependencies]. Details - ImportResultOutputID=9c1c301e069868664babff66d3132542 DependenciesID=abd48259f5198c058cee5ca361a76a9c StaticDependenciesID=20e47d22267a3c535414c14cc471b4fe 
Number of updated asset objects reloaded before import = 0Number of asset objects unloaded after import = 0

========================================================================
Received Prepare
Begin MonoManager ReloadAssembly
[Licensing::Client] Successfully resolved entitlement details
Assembly Assembly-CSharp-Editor-firstpass.dll at Library/ScriptAssemblies/Assembly-CSharp-Editor-firstpass.dll not valid. Loading of assembly skipped.
Assembly Assembly-CSharp-firstpass.dll at Library/ScriptAssemblies/Assembly-CSharp-firstpass.dll not valid. Loading of assembly skipped.
Assembly DocCodeExamples.dll at Library/ScriptAssemblies/DocCodeExamples.dll not valid. Loading of assembly skipped.
Assembly TestNewCustomAssembly.dll at Library/ScriptAssemblies/TestNewCustomAssembly.dll not valid. Loading of assembly skipped.
Assembly Unity.2D.Animation.EditorTests.dll at Library/ScriptAssemblies/Unity.2D.Animation.EditorTests.dll not valid. Loading of assembly skipped.
Assembly Unity.2D.Aseprite.EditorTests.dll at Library/ScriptAssemblies/Unity.2D.Aseprite.EditorTests.dll not valid. Loading of assembly skipped.
Assembly Unity.2D.Common.EditorTests.dll at Library/ScriptAssemblies/Unity.2D.Common.EditorTests.dll not valid. Loading of assembly skipped.
Assembly Unity.2D.Psdimporter.EditorTests.dll at Library/ScriptAssemblies/Unity.2D.Psdimporter.EditorTests.dll not valid. Loading of assembly skipped.
Assembly Unity.2D.Sprite.Package.EditorTests.dll at Library/ScriptAssemblies/Unity.2D.Sprite.Package.EditorTests.dll not valid. Loading of assembly skipped.
Assembly Unity.2D.SpriteShape.EditorTests.dll at Library/ScriptAssemblies/Unity.2D.SpriteShape.EditorTests.dll not valid. Loading of assembly skipped.
Assembly Unity.2D.Tilemap.Package.EditorTests.dll at Library/ScriptAssemblies/Unity.2D.Tilemap.Package.EditorTests.dll not valid. Loading of assembly skipped.
Assembly Unity.Collections.BurstCompatibilityGen.dll at Library/ScriptAssemblies/Unity.Collections.BurstCompatibilityGen.dll not valid. Loading of assembly skipped.
Assembly Unity.Collections.DocCodeSamples.dll at Library/ScriptAssemblies/Unity.Collections.DocCodeSamples.dll not valid. Loading of assembly skipped.
Assembly Unity.Collections.PerformanceTests.dll at Library/ScriptAssemblies/Unity.Collections.PerformanceTests.dll not valid. Loading of assembly skipped.
Assembly Unity.Collections.Tests.dll at Library/ScriptAssemblies/Unity.Collections.Tests.dll not valid. Loading of assembly skipped.
Assembly Unity.Collections.Tests.Playmode.dll at Library/ScriptAssemblies/Unity.Collections.Tests.Playmode.dll not valid. Loading of assembly skipped.
Assembly Unity.InputSystem.IntegrationTests.dll at Library/ScriptAssemblies/Unity.InputSystem.IntegrationTests.dll not valid. Loading of assembly skipped.
Assembly Unity.Mathematics.Tests.dll at Library/ScriptAssemblies/Unity.Mathematics.Tests.dll not valid. Loading of assembly skipped.
Assembly Unity.Multiplayer.Center.Editor.Tests.dll at Library/ScriptAssemblies/Unity.Multiplayer.Center.Editor.Tests.dll not valid. Loading of assembly skipped.
Assembly Unity.Multiplayer.Center.Tests.dll at Library/ScriptAssemblies/Unity.Multiplayer.Center.Tests.dll not valid. Loading of assembly skipped.
Assembly Unity.Nuget.Mono-Cecil.dll at Library/ScriptAssemblies/Unity.Nuget.Mono-Cecil.dll not valid. Loading of assembly skipped.
Assembly Unity.PathTracing.Editor.Tests.dll at Library/ScriptAssemblies/Unity.PathTracing.Editor.Tests.dll not valid. Loading of assembly skipped.
Assembly Unity.PathTracing.Runtime.Tests.dll at Library/ScriptAssemblies/Unity.PathTracing.Runtime.Tests.dll not valid. Loading of assembly skipped.
Assembly Unity.RenderPipelines.Core.Editor.Tests.dll at Library/ScriptAssemblies/Unity.RenderPipelines.Core.Editor.Tests.dll not valid. Loading of assembly skipped.
Assembly Unity.RenderPipelines.Core.Runtime.Tests.dll at Library/ScriptAssemblies/Unity.RenderPipelines.Core.Runtime.Tests.dll not valid. Loading of assembly skipped.
Assembly Unity.RenderPipelines.Universal.Config.Editor.Tests.dll at Library/ScriptAssemblies/Unity.RenderPipelines.Universal.Config.Editor.Tests.dll not valid. Loading of assembly skipped.
Assembly Unity.RenderPipelines.Universal.Editor.Tests.dll at Library/ScriptAssemblies/Unity.RenderPipelines.Universal.Editor.Tests.dll not valid. Loading of assembly skipped.
Assembly Unity.RenderPipelines.Universal.Runtime.Tests.dll at Library/ScriptAssemblies/Unity.RenderPipelines.Universal.Runtime.Tests.dll not valid. Loading of assembly skipped.
Assembly Unity.Searcher.EditorTests.dll at Library/ScriptAssemblies/Unity.Searcher.EditorTests.dll not valid. Loading of assembly skipped.
Assembly Unity.ShaderGraph.Editor.Tests.dll at Library/ScriptAssemblies/Unity.ShaderGraph.Editor.Tests.dll not valid. Loading of assembly skipped.
Assembly Unity.TextMeshPro.Editor.Tests.dll at Library/ScriptAssemblies/Unity.TextMeshPro.Editor.Tests.dll not valid. Loading of assembly skipped.
Assembly Unity.TextMeshPro.Tests.dll at Library/ScriptAssemblies/Unity.TextMeshPro.Tests.dll not valid. Loading of assembly skipped.
Assembly Unity.UnifiedRayTracing.Editor.Tests.dll at Library/ScriptAssemblies/Unity.UnifiedRayTracing.Editor.Tests.dll not valid. Loading of assembly skipped.
Assembly UnityEditor.UI.Common.Tests.dll at Library/ScriptAssemblies/UnityEditor.UI.Common.Tests.dll not valid. Loading of assembly skipped.
Assembly UnityEditor.UI.EditorTests.dll at Library/ScriptAssemblies/UnityEditor.UI.EditorTests.dll not valid. Loading of assembly skipped.
Assembly UnityEngine.UI.Tests.dll at Library/ScriptAssemblies/UnityEngine.UI.Tests.dll not valid. Loading of assembly skipped.
Refreshing native plugins compatible for Editor in 9.92 ms, found 3 plugins.
Native extension for OSXStandalone target not found
Native extension for WebGL target not found
[Package Manager] Failed to launch server process. Reason: Unity was launched with the -noUpm command-line argument
[Package Manager] Unable to send message (not connected to server process).
[Package Manager] Cannot connect to Unity Package Manager local server
Refreshing native plugins compatible for Editor in 22.38 ms, found 3 plugins.
[Package Manager] Failed to launch server process. Reason: Unity was launched with the -noUpm command-line argument
[Package Manager] Unable to send message (not connected to server process).
[Package Manager] Cannot connect to Unity Package Manager local server
ScheduleIndexationOnStartup MainProcess:False IndexOnStartup:True
Mono: successfully reloaded assembly
- Finished resetting the current domain, in 14.231 seconds
Domain Reload Profiling: 25724ms
	BeginReloadAssembly (6028ms)
		DisableScriptedObjects (1356ms)
		ReleaseScriptingObjects (26ms)
		CreateAndSetChildDomain (1418ms)
	RebuildCommonClasses (90ms)
	RebuildNativeTypeToScriptingClass (20ms)
	initialDomainReloadingComplete (475ms)
	LoadAllAssembliesAndSetupDomain (4871ms)
		LoadAssemblies (4448ms)
		AnalyzeDomain (1928ms)
			TypeCache.Refresh (111ms)
			BuildScriptInfoCaches (1300ms)
			ResolveRequiredComponents (338ms)
	FinalizeReload (14241ms)
		SetupLoadedEditorAssemblies (0ms)
			InitializePlatformSupportModulesInManaged (36ms)
			BeforeProcessingInitializeOnLoad (3891ms)
			ProcessInitializeOnLoadAttributes (6842ms)
			ProcessInitializeOnLoadMethodAttributes (1253ms)
			AfterProcessingInitializeOnLoad (12ms)
			EditorAssembliesLoaded (7ms)
		ExecutionOrderSort2 (3ms)
		AwakeInstancesAfterBackupRestoration (272ms)
WARNING: Shader Unsupported: 'Universal Render Pipeline/VR/SpatialMapping/Wireframe' - All subshaders removed
WARNING: Shader Did you use #pragma only_renderers and omit this platform?
WARNING: Shader If subshaders removal was intentional, you may have forgotten turning Fallback off?
Shader Hidden/ChartRasterizerHardware is not supported: GPU does not support conservative rasterization
Unloading 27 Unused Serialized files (Serialized files now loaded: 0)
Unloading 7300 unused Assets / (4.0 MB). Loaded Objects now: 8309.
Memory consumption went from 192.3 MB to 188.3 MB.
Total: 213.472333 ms (FindLiveObjects: 106.457667 ms CreateObjectMapping: 6.742083 ms MarkObjects: 57.556291 ms  DeleteObjects: 42.713417 ms)

Prepare: number of updated asset objects reloaded= 0
EnvironmentDependencyValues requested are different than current active one (requested -> active):
  graphicsApiMask: 2048 -> 67584
========================================================================
Received Prepare
Begin MonoManager ReloadAssembly
[Licensing::Client] Successfully resolved entitlement details
Assembly Assembly-CSharp-Editor-firstpass.dll at Library/ScriptAssemblies/Assembly-CSharp-Editor-firstpass.dll not valid. Loading of assembly skipped.
Assembly Assembly-CSharp-firstpass.dll at Library/ScriptAssemblies/Assembly-CSharp-firstpass.dll not valid. Loading of assembly skipped.
Assembly DocCodeExamples.dll at Library/ScriptAssemblies/DocCodeExamples.dll not valid. Loading of assembly skipped.
Assembly TestNewCustomAssembly.dll at Library/ScriptAssemblies/TestNewCustomAssembly.dll not valid. Loading of assembly skipped.
Assembly Unity.2D.Animation.EditorTests.dll at Library/ScriptAssemblies/Unity.2D.Animation.EditorTests.dll not valid. Loading of assembly skipped.
Assembly Unity.2D.Aseprite.EditorTests.dll at Library/ScriptAssemblies/Unity.2D.Aseprite.EditorTests.dll not valid. Loading of assembly skipped.
Assembly Unity.2D.Common.EditorTests.dll at Library/ScriptAssemblies/Unity.2D.Common.EditorTests.dll not valid. Loading of assembly skipped.
Assembly Unity.2D.Psdimporter.EditorTests.dll at Library/ScriptAssemblies/Unity.2D.Psdimporter.EditorTests.dll not valid. Loading of assembly skipped.
Assembly Unity.2D.Sprite.Package.EditorTests.dll at Library/ScriptAssemblies/Unity.2D.Sprite.Package.EditorTests.dll not valid. Loading of assembly skipped.
Assembly Unity.2D.SpriteShape.EditorTests.dll at Library/ScriptAssemblies/Unity.2D.SpriteShape.EditorTests.dll not valid. Loading of assembly skipped.
Assembly Unity.2D.Tilemap.Package.EditorTests.dll at Library/ScriptAssemblies/Unity.2D.Tilemap.Package.EditorTests.dll not valid. Loading of assembly skipped.
Assembly Unity.Collections.BurstCompatibilityGen.dll at Library/ScriptAssemblies/Unity.Collections.BurstCompatibilityGen.dll not valid. Loading of assembly skipped.
Assembly Unity.Collections.DocCodeSamples.dll at Library/ScriptAssemblies/Unity.Collections.DocCodeSamples.dll not valid. Loading of assembly skipped.
Assembly Unity.Collections.PerformanceTests.dll at Library/ScriptAssemblies/Unity.Collections.PerformanceTests.dll not valid. Loading of assembly skipped.
Assembly Unity.Collections.Tests.dll at Library/ScriptAssemblies/Unity.Collections.Tests.dll not valid. Loading of assembly skipped.
Assembly Unity.Collections.Tests.Playmode.dll at Library/ScriptAssemblies/Unity.Collections.Tests.Playmode.dll not valid. Loading of assembly skipped.
Assembly Unity.InputSystem.IntegrationTests.dll at Library/ScriptAssemblies/Unity.InputSystem.IntegrationTests.dll not valid. Loading of assembly skipped.
Assembly Unity.Mathematics.Tests.dll at Library/ScriptAssemblies/Unity.Mathematics.Tests.dll not valid. Loading of assembly skipped.
Assembly Unity.Multiplayer.Center.Editor.Tests.dll at Library/ScriptAssemblies/Unity.Multiplayer.Center.Editor.Tests.dll not valid. Loading of assembly skipped.
Assembly Unity.Multiplayer.Center.Tests.dll at Library/ScriptAssemblies/Unity.Multiplayer.Center.Tests.dll not valid. Loading of assembly skipped.
Assembly Unity.Nuget.Mono-Cecil.dll at Library/ScriptAssemblies/Unity.Nuget.Mono-Cecil.dll not valid. Loading of assembly skipped.
Assembly Unity.PathTracing.Editor.Tests.dll at Library/ScriptAssemblies/Unity.PathTracing.Editor.Tests.dll not valid. Loading of assembly skipped.
Assembly Unity.PathTracing.Runtime.Tests.dll at Library/ScriptAssemblies/Unity.PathTracing.Runtime.Tests.dll not valid. Loading of assembly skipped.
Assembly Unity.RenderPipelines.Core.Editor.Tests.dll at Library/ScriptAssemblies/Unity.RenderPipelines.Core.Editor.Tests.dll not valid. Loading of assembly skipped.
Assembly Unity.RenderPipelines.Core.Runtime.Tests.dll at Library/ScriptAssemblies/Unity.RenderPipelines.Core.Runtime.Tests.dll not valid. Loading of assembly skipped.
Assembly Unity.RenderPipelines.Universal.Config.Editor.Tests.dll at Library/ScriptAssemblies/Unity.RenderPipelines.Universal.Config.Editor.Tests.dll not valid. Loading of assembly skipped.
Assembly Unity.RenderPipelines.Universal.Editor.Tests.dll at Library/ScriptAssemblies/Unity.RenderPipelines.Universal.Editor.Tests.dll not valid. Loading of assembly skipped.
Assembly Unity.RenderPipelines.Universal.Runtime.Tests.dll at Library/ScriptAssemblies/Unity.RenderPipelines.Universal.Runtime.Tests.dll not valid. Loading of assembly skipped.
Assembly Unity.Searcher.EditorTests.dll at Library/ScriptAssemblies/Unity.Searcher.EditorTests.dll not valid. Loading of assembly skipped.
Assembly Unity.ShaderGraph.Editor.Tests.dll at Library/ScriptAssemblies/Unity.ShaderGraph.Editor.Tests.dll not valid. Loading of assembly skipped.
Assembly Unity.TextMeshPro.Editor.Tests.dll at Library/ScriptAssemblies/Unity.TextMeshPro.Editor.Tests.dll not valid. Loading of assembly skipped.
Assembly Unity.TextMeshPro.Tests.dll at Library/ScriptAssemblies/Unity.TextMeshPro.Tests.dll not valid. Loading of assembly skipped.
Assembly Unity.UnifiedRayTracing.Editor.Tests.dll at Library/ScriptAssemblies/Unity.UnifiedRayTracing.Editor.Tests.dll not valid. Loading of assembly skipped.
Assembly UnityEditor.UI.Common.Tests.dll at Library/ScriptAssemblies/UnityEditor.UI.Common.Tests.dll not valid. Loading of assembly skipped.
Assembly UnityEditor.UI.EditorTests.dll at Library/ScriptAssemblies/UnityEditor.UI.EditorTests.dll not valid. Loading of assembly skipped.
Assembly UnityEngine.UI.Tests.dll at Library/ScriptAssemblies/UnityEngine.UI.Tests.dll not valid. Loading of assembly skipped.
Native extension for OSXStandalone target not found
Native extension for WebGL target not found
[Package Manager] Failed to launch server process. Reason: Unity was launched with the -noUpm command-line argument
[Package Manager] Unable to send message (not connected to server process).
[Package Manager] Cannot connect to Unity Package Manager local server
Refreshing native plugins compatible for Editor in 2.04 ms, found 3 plugins.
[Package Manager] Failed to launch server process. Reason: Unity was launched with the -noUpm command-line argument
[Package Manager] Unable to send message (not connected to server process).
[Package Manager] Cannot connect to Unity Package Manager local server
ScheduleIndexationOnStartup MainProcess:False IndexOnStartup:True
Mono: successfully reloaded assembly
- Finished resetting the current domain, in  4.979 seconds
Domain Reload Profiling: 13193ms
	BeginReloadAssembly (3864ms)
		ExecutionOrderSort (3ms)
		DisableScriptedObjects (651ms)
		ReleaseScriptingObjects (12ms)
		CreateAndSetChildDomain (848ms)
	RebuildCommonClasses (82ms)
	RebuildNativeTypeToScriptingClass (20ms)
	initialDomainReloadingComplete (657ms)
	LoadAllAssembliesAndSetupDomain (3589ms)
		LoadAssemblies (4224ms)
		AnalyzeDomain (1045ms)
			TypeCache.Refresh (83ms)
			BuildScriptInfoCaches (848ms)
			ResolveRequiredComponents (86ms)
	FinalizeReload (4981ms)
		SetupLoadedEditorAssemblies (0ms)
			InitializePlatformSupportModulesInManaged (19ms)
			BeforeProcessingInitializeOnLoad (1048ms)
			ProcessInitializeOnLoadAttributes (2201ms)
			ProcessInitializeOnLoadMethodAttributes (561ms)
		AwakeInstancesAfterBackupRestoration (197ms)
WARNING: Shader Unsupported: 'Universal Render Pipeline/VR/SpatialMapping/Wireframe' - All subshaders removed
WARNING: Shader Did you use #pragma only_renderers and omit this platform?
WARNING: Shader If subshaders removal was intentional, you may have forgotten turning Fallback off?
Shader Hidden/ChartRasterizerHardware is not supported: GPU does not support conservative rasterization
Unloading 27 Unused Serialized files (Serialized files now loaded: 0)
Unloading 7300 unused Assets / (7.2 MB). Loaded Objects now: 8312.
Memory consumption went from 192.6 MB to 185.4 MB.
Total: 46.745750 ms (FindLiveObjects: 11.572750 ms CreateObjectMapping: 1.204250 ms MarkObjects: 13.546000 ms  DeleteObjects: 20.418833 ms)

Prepare: number of updated asset objects reloaded= 0
EnvironmentDependencyValues requested are different than current active one (requested -> active):
  graphicsApiMask: 2048 -> 67584
